"Date","Year","Month","Day","Time","Site","Temp_max","Temp_min","Temp_mean","Temp_max.lag1","Temp_max.lag2","Temp_max.lag3","Temp_min.lag1","Temp_min.lag2","Temp_min.lag3","Temp_mean.lag1","Temp_mean.lag2","Temp_mean.lag3","Variety","LT50","LT90","LT10","Measurement","cherry_model_raw","cherry_model","cherry_model_final","Sweetheart_cherry_model","cherry_model_accumulated","Sweetheart_cherry_forcingBB","Sweetheart_cherry_forcingBB_final","Sweetheart_cherry_forcingBB_final_log","Sweetheart_cherry_model_forcingBB"
2020-09-04,2020,9,4,"12:00:00","Slater",28.49,10.17,19.14,28.27,25.87,28.82,11.61,18.08,10.35,19.8,21.26,19.95,NA,NA,NA,NA,NA,-1,-52.362,0,0,0,0,0,2.3026,0
2020-09-05,2020,9,5,"12:00:00","Slater",32.17,13.04,22.91,28.49,28.27,25.87,10.17,11.61,18.08,19.14,19.8,21.26,NA,NA,NA,NA,NA,-1,-69.2922,0,0,0,0,0,2.3026,0
2020-09-06,2020,9,6,"12:00:00","Slater",30.37,15.32,22.83,32.17,28.49,28.27,13.04,10.17,11.61,22.91,19.14,19.8,NA,NA,NA,NA,NA,-1,-87.8563,0,0,0,0,0,2.3026,0
2020-09-07,2020,9,7,"12:00:00","Slater",24.48,11.08,18.86,30.37,32.17,28.49,15.32,13.04,10.17,22.83,22.91,19.14,NA,NA,NA,NA,NA,-1,-108.4047,0,0,0,0,0,2.3026,0
2020-09-08,2020,9,8,"12:00:00","Slater",23.02,6.38,13.94,24.48,30.37,32.17,11.08,15.32,13.04,18.86,22.83,22.91,NA,NA,NA,NA,NA,-1,-107.97,0,0,0,0,0,2.3026,0
2020-09-09,2020,9,9,"12:00:00","Slater",27.33,7.77,16.3,23.02,24.48,30.37,6.38,11.08,15.32,13.94,18.86,22.83,NA,NA,NA,NA,NA,-1,-112.1739,0,0,0,0,0,2.3026,0
2020-09-10,2020,9,10,"12:00:00","Slater",27.9,10.17,18.03,27.33,23.02,24.48,7.77,6.38,11.08,16.3,13.94,18.86,NA,NA,NA,NA,NA,-1,-120.2722,0,0,0,0,0,2.3026,0
2020-09-11,2020,9,11,"12:00:00","Slater",28.84,11.25,19.17,27.9,27.33,23.02,10.17,7.77,6.38,18.03,16.3,13.94,NA,NA,NA,NA,NA,-1,-131.542,0,0,0,0,0,2.3026,0
2020-09-12,2020,9,12,"12:00:00","Slater",27.73,9.44,18.44,28.84,27.9,27.33,11.25,10.17,7.77,19.17,18.03,16.3,NA,NA,NA,NA,NA,-1,-142.6415,0,0,0,0,0,2.3026,0
2020-09-13,2020,9,13,"12:00:00","Slater",22.27,11.71,16.41,27.73,28.84,27.9,9.44,11.25,10.17,18.44,19.17,18.03,NA,NA,NA,NA,NA,-1,-153.1636,0,0,0,0,0,2.3026,0
2020-09-14,2020,9,14,"12:00:00","Slater",22.39,13.11,16.22,22.27,27.73,28.84,11.71,9.44,11.25,16.41,18.44,19.17,NA,NA,NA,NA,NA,-1,-161.6071,0,0,0,0,0,2.3026,0
2020-09-15,2020,9,15,"12:00:00","Slater",24.29,11.73,18.16,22.39,22.27,27.73,13.11,11.71,9.44,16.22,16.41,18.44,NA,NA,NA,NA,NA,-1,-170.9518,0,0,0,0,0,2.3026,0
2020-09-16,2020,9,16,"12:00:00","Slater",23.81,13.21,18.28,24.29,22.39,22.27,11.73,13.11,11.71,18.16,16.22,16.41,NA,NA,NA,NA,NA,-1,-187.7542,0,0,0,0,0,2.3026,0
2020-09-17,2020,9,17,"12:00:00","Slater",23.91,12.05,16.99,23.81,24.29,22.39,13.21,11.73,13.11,18.28,18.16,16.22,NA,NA,NA,NA,NA,-1,-197.3877,0,0,0,0,0,2.3026,0
2020-09-18,2020,9,18,"12:00:00","Slater",20.75,11.83,16.2,23.91,23.81,24.29,12.05,13.21,11.73,16.99,18.28,18.16,NA,NA,NA,NA,NA,-1,-204.9862,0,0,0,0,0,2.3026,0
2020-09-19,2020,9,19,"12:00:00","Slater",20.6,13.14,17,20.75,23.91,23.81,11.83,12.05,13.21,16.2,16.99,18.28,NA,NA,NA,NA,NA,-1,-216.0381,0,0,0,0,0,2.3026,0
2020-09-20,2020,9,20,"12:00:00","Slater",23.3,10.79,17.92,20.6,20.75,23.91,13.14,11.83,12.05,17,16.2,16.99,NA,NA,NA,NA,NA,-1,-232.0646,0,0,0,0,0,2.3026,0
2020-09-21,2020,9,21,"12:00:00","Slater",21.7,8,14.25,23.3,20.6,20.75,10.79,13.14,11.83,17.92,17,16.2,NA,NA,NA,NA,NA,-0.5,-235.7186,0,0,0,0,0,2.3026,0
2020-09-22,2020,9,22,"12:00:00","Slater",22.8,9.39,14.99,21.7,23.3,20.6,8,10.79,13.14,14.25,17.92,17,NA,NA,NA,NA,NA,-1,-240.3926,0,0,0,0,0,2.3026,0
2020-09-23,2020,9,23,"12:00:00","Slater",18.82,11.18,15,22.8,21.7,23.3,9.39,8,10.79,14.99,14.25,17.92,NA,NA,NA,NA,NA,-0.5,-248.6255,0,0,0,0,0,2.3026,0
2020-09-24,2020,9,24,"12:00:00","Slater",16.18,9.11,12.82,18.82,22.8,21.7,11.18,9.39,8,15,14.99,14.25,NA,NA,NA,NA,NA,-0.0206,-244.569,4.5875,0,4.5875,0,0,2.3026,0
2020-09-25,2020,9,25,"12:00:00","Slater",14.34,6.51,10.42,16.18,18.82,22.8,9.11,11.18,9.39,12.82,15,14.99,NA,NA,NA,NA,NA,0.0319,-238.2454,10.9111,0,10.9111,0,0,2.3026,0
2020-09-26,2020,9,26,"12:00:00","Slater",15.08,5.72,10.06,14.34,16.18,18.82,6.51,9.11,11.18,10.42,12.82,15,NA,NA,NA,NA,NA,0.1102,-223.416,25.7405,0,25.7405,0,0,2.3026,0
2020-09-27,2020,9,27,"12:00:00","Slater",19.13,6.13,11.53,15.08,14.34,16.18,5.72,6.51,9.11,10.06,10.42,12.82,NA,NA,NA,NA,NA,-0.5,-212.1408,37.0158,0,37.0158,0,0,2.3026,0
2020-09-28,2020,9,28,"12:00:00","Slater",22.49,6.66,13.42,19.13,15.08,14.34,6.13,5.72,6.51,11.53,10.06,10.42,NA,NA,NA,NA,NA,-1,-206.5498,42.6068,0,42.6068,0,0,2.3026,0
2020-09-29,2020,9,29,"12:00:00","Slater",23.06,7.94,14.46,22.49,19.13,15.08,6.66,6.13,5.72,13.42,11.53,10.06,NA,NA,NA,NA,NA,-1,-207.2326,41.924,0,41.924,0,0,2.3026,0
2020-09-30,2020,9,30,"12:00:00","Slater",20.94,8.64,14.22,23.06,22.49,19.13,7.94,6.66,6.13,14.46,13.42,11.53,NA,NA,NA,NA,NA,-1,-209.5016,39.6549,0,39.6549,0,0,2.3026,0
2020-10-01,2020,10,1,"12:00:00","Slater",17.25,10.07,13.37,20.94,23.06,22.49,8.64,7.94,6.66,14.22,14.46,13.42,NA,NA,NA,NA,NA,-0.5,-211.3586,37.798,0,37.798,0,0,2.3026,0
2020-10-02,2020,10,2,"12:00:00","Slater",21.7,7.97,13.89,17.25,20.94,23.06,10.07,8.64,7.94,13.37,14.22,14.46,NA,NA,NA,NA,NA,-1,-207.8477,41.3089,0,41.3089,0,0,2.3026,0
2020-10-03,2020,10,3,"12:00:00","Slater",22.7,8.32,14.9,21.7,17.25,20.94,7.97,10.07,8.64,13.89,13.37,14.22,NA,NA,NA,NA,NA,-1,-209.3855,39.7711,0,39.7711,0,0,2.3026,0
2020-10-04,2020,10,4,"12:00:00","Slater",20.44,8.3,14.48,22.7,21.7,17.25,8.32,7.97,10.07,14.9,13.89,13.37,NA,NA,NA,NA,NA,-1,-213.4159,35.7407,0,35.7407,0,0,2.3026,0
2020-10-05,2020,10,5,"12:00:00","Slater",23.09,8.57,14.52,20.44,22.7,21.7,8.3,8.32,7.97,14.48,14.9,13.89,NA,NA,NA,NA,NA,-1,-215.5568,33.5997,0,33.5997,0,0,2.3026,0
2020-10-06,2020,10,6,"12:00:00","Slater",24,8.04,15.33,23.09,20.44,22.7,8.57,8.3,8.32,14.52,14.48,14.9,NA,NA,NA,NA,NA,-1,-217.5825,31.5741,0,31.5741,0,0,2.3026,0
2020-10-07,2020,10,7,"12:00:00","Slater",22.54,8.37,14.71,24,23.09,20.44,8.04,8.57,8.3,15.33,14.52,14.48,NA,NA,NA,NA,NA,-1,-221.8708,27.2857,0,27.2857,0,0,2.3026,0
2020-10-08,2020,10,8,"12:00:00","Slater",16.23,9.24,12.5,22.54,24,23.09,8.37,8.04,8.57,14.71,15.33,14.52,NA,NA,NA,NA,NA,0.0358,-222.4839,26.6726,0,26.6726,0,0,2.3026,0
2020-10-09,2020,10,9,"12:00:00","Slater",14.27,9.61,11.93,16.23,22.54,24,9.24,8.37,8.04,12.5,14.71,15.33,NA,NA,NA,NA,NA,0.1481,-215.7391,33.4174,0,33.4174,0,0,2.3026,0
2020-10-10,2020,10,10,"12:00:00","Slater",16.18,7.54,12.03,14.27,16.23,22.54,9.61,9.24,8.37,11.93,12.5,14.71,NA,NA,NA,NA,NA,-0.0308,-209.6907,39.4658,0,39.4658,0,0,2.3026,0
2020-10-11,2020,10,11,"12:00:00","Slater",14.05,3.56,7.73,16.18,14.27,16.23,7.54,9.61,9.24,12.03,11.93,12.5,NA,NA,NA,NA,NA,0.0486,-196.153,53.0035,0,53.0035,0,0,2.3026,0
2020-10-12,2020,10,12,"12:00:00","Slater",14.74,5.31,8.14,14.05,16.18,14.27,3.56,7.54,9.61,7.73,12.03,11.93,NA,NA,NA,NA,NA,0.2712,-176.6656,72.491,0,72.491,0,0,2.3026,0
2020-10-13,2020,10,13,"12:00:00","Slater",11.42,4.56,7.57,14.74,14.05,16.18,5.31,3.56,7.54,8.14,7.73,12.03,NA,NA,NA,NA,NA,0.5975,-157.6308,91.5258,0,91.5258,0,0,2.3026,0
2020-10-14,2020,10,14,"12:00:00","Slater",13.3,2.9,7.5,11.42,14.74,14.05,4.56,5.31,3.56,7.57,8.14,7.73,NA,NA,NA,NA,NA,0.3315,-138.8535,110.3031,0,110.3031,0,0,2.3026,0
2020-10-15,2020,10,15,"12:00:00","Slater",13.26,1.8,7.65,13.3,11.42,14.74,2.9,4.56,5.31,7.5,7.57,8.14,NA,NA,NA,NA,NA,0.1061,-120.8075,128.349,0,128.349,0,0,2.3026,0
2020-10-16,2020,10,16,"12:00:00","Slater",17.11,6.58,10.01,13.26,13.3,11.42,1.8,2.9,4.56,7.65,7.5,7.57,NA,NA,NA,NA,NA,0.4188,-103.273,145.8836,0,145.8836,0,0,2.3026,0
2020-10-17,2020,10,17,"12:00:00","Slater",8.49,5.1,7.1,17.11,13.26,13.3,6.58,1.8,2.9,10.01,7.65,7.5,NA,NA,NA,NA,NA,0.8306,-88.5768,160.5798,0,160.5798,0,0,2.3026,0
2020-10-18,2020,10,18,"12:00:00","Slater",5.62,2.02,3.65,8.49,17.11,13.26,5.1,6.58,1.8,7.1,10.01,7.65,NA,NA,NA,NA,NA,1,-65.0859,184.0707,0,184.0707,0,0,2.3026,0
2020-10-19,2020,10,19,"12:00:00","Slater",14.7,2.77,6.88,5.62,8.49,17.11,2.02,5.1,6.58,3.65,7.1,10.01,NA,NA,NA,NA,NA,0.9272,-41.1942,207.9623,0,207.9623,0,0,2.3026,0
2020-10-20,2020,10,20,"12:00:00","Slater",10.64,1.7,6.05,14.7,5.62,8.49,2.77,2.02,5.1,6.88,3.65,7.1,NA,NA,NA,NA,NA,0.6937,-22.3594,226.7971,0,226.7971,0,0,2.3026,0
2020-10-21,2020,10,21,"12:00:00","Slater",8.42,0.58,3.98,10.64,14.7,5.62,1.7,2.77,2.02,6.05,6.88,3.65,NA,NA,NA,NA,NA,0.8415,0.218,249.3745,0,249.3745,0,0,2.3026,0
2020-10-22,2020,10,22,"12:00:00","Slater",7.42,-2.1,2.05,8.42,10.64,14.7,0.58,1.7,2.77,3.98,6.05,6.88,NA,NA,NA,NA,NA,0.9826,22.9685,272.1251,0,272.1251,0,0,2.3026,0
2020-10-23,2020,10,23,"12:00:00","Slater",1.1,-0.17,0.4,7.42,8.42,10.64,-2.1,0.58,1.7,2.05,3.98,6.05,NA,NA,NA,NA,NA,1,46.8771,296.0337,0,296.0337,0,0,2.3026,0
2020-10-24,2020,10,24,"12:00:00","Slater",-0.03,-3.87,-1.62,1.1,7.42,8.42,-0.17,-2.1,0.58,0.4,2.05,3.98,NA,NA,NA,NA,NA,1,70.8771,320.0337,0,320.0337,0,0,2.3026,0
2020-10-25,2020,10,25,"12:00:00","Slater",0.88,-7.03,-4.01,-0.03,1.1,7.42,-3.87,-0.17,-2.1,-1.62,0.4,2.05,NA,NA,NA,NA,NA,1,76.8771,326.0337,0,326.0337,0,0,2.3026,0
2020-10-26,2020,10,26,"12:00:00","Slater",1.89,-5.2,-2.14,0.88,-0.03,1.1,-7.03,-3.87,-0.17,-4.01,-1.62,0.4,NA,NA,NA,NA,NA,1,84.8771,334.0337,0,334.0337,0,0,2.3026,0
2020-10-27,2020,10,27,"12:00:00","Slater",4.79,-5.02,-0.93,1.89,0.88,-0.03,-5.2,-7.03,-3.87,-2.14,-4.01,-1.62,NA,NA,NA,NA,NA,1,93.8771,343.0337,0,343.0337,0,0,2.3026,0
2020-10-28,2020,10,28,"12:00:00","Slater",5.51,-1.21,2.14,4.79,1.89,0.88,-5.02,-5.2,-7.03,-0.93,-2.14,-4.01,NA,NA,NA,NA,NA,1,117.8771,367.0336,0,367.0336,0,0,2.3026,0
2020-10-29,2020,10,29,"12:00:00","Slater",10.15,2.02,4.62,5.51,4.79,1.89,-1.21,-5.02,-5.2,2.14,-0.93,-2.14,NA,NA,NA,NA,NA,0.9151,141.7516,390.9081,0,390.9081,0,0,2.3026,0
2020-10-30,2020,10,30,"12:00:00","Slater",14.72,1.21,7.27,10.15,5.51,4.79,2.02,-1.21,-5.02,4.62,2.14,-0.93,NA,NA,NA,NA,NA,0.0123,162.7538,411.9103,0,411.9103,0,0,2.3026,0
2020-10-31,2020,10,31,"12:00:00","Slater",10.22,0.44,4.42,14.72,10.15,5.51,1.21,2.02,-1.21,7.27,4.62,2.14,NA,NA,NA,NA,NA,0.8654,181.6856,430.8421,0,430.8421,0,0,2.3026,0
2020-11-01,2020,11,1,"12:00:00","Slater",10.96,-0.23,3.62,10.22,14.72,10.15,0.44,1.21,2.02,4.42,7.27,4.62,NA,NA,NA,NA,NA,0.9442,204.3272,453.4837,0,453.4837,0,0,2.3026,0
2020-11-02,2020,11,2,"12:00:00","Slater",11.86,0.22,5.16,10.96,10.22,14.72,-0.23,0.44,1.21,3.62,4.42,7.27,NA,NA,NA,NA,NA,0.7882,226.3883,475.5449,0,475.5449,0,0,2.3026,0
2020-11-03,2020,11,3,"12:00:00","Slater",8.14,3.91,5.81,11.86,10.96,10.22,0.22,-0.23,0.44,5.16,3.62,4.42,NA,NA,NA,NA,NA,0.9072,247.5577,496.7143,0,496.7143,0,0,2.3026,0
2020-11-04,2020,11,4,"12:00:00","Slater",12.12,5.44,7.83,8.14,11.86,10.96,3.91,0.22,-0.23,5.81,5.16,3.62,NA,NA,NA,NA,NA,0.5014,270.5675,519.724,0,519.724,0,0,2.3026,0
2020-11-05,2020,11,5,"12:00:00","Slater",12.22,1.72,8.07,12.12,8.14,11.86,5.44,3.91,0.22,7.83,5.81,5.16,NA,NA,NA,NA,NA,0.4836,286.7055,535.8621,0,535.8621,0,0,2.3026,0
2020-11-06,2020,11,6,"12:00:00","Slater",8.34,-0.82,2.78,12.22,12.12,8.14,1.72,5.44,3.91,8.07,7.83,5.81,NA,NA,NA,NA,NA,0.9982,308.2767,557.4332,0,557.4332,0,0,2.3026,0
2020-11-07,2020,11,7,"12:00:00","Slater",3.96,-3.45,0.55,8.34,12.22,12.12,-0.82,1.72,5.44,2.78,8.07,7.83,NA,NA,NA,NA,NA,1,326.9913,576.1479,0,576.1479,0,0,2.3026,0
2020-11-08,2020,11,8,"12:00:00","Slater",4.53,-3.81,0.08,3.96,8.34,12.22,-3.45,-0.82,1.72,0.55,2.78,8.07,NA,NA,NA,NA,NA,1,350.9913,600.1479,0,600.1479,0,0,2.3026,0
2020-11-09,2020,11,9,"12:00:00","Slater",0.11,-6.9,-3.05,4.53,3.96,8.34,-3.81,-3.45,-0.82,0.08,0.55,2.78,NA,NA,NA,NA,NA,1,359.9913,609.1479,0,609.1479,0,0,2.3026,0
2020-11-10,2020,11,10,"12:00:00","Slater",2.58,-2.31,-0.44,0.11,4.53,3.96,-6.9,-3.81,-3.45,-3.05,0.08,0.55,NA,NA,NA,NA,NA,1,378.9913,628.1479,0,628.1479,0,0,2.3026,0
2020-11-11,2020,11,11,"12:00:00","Slater",4.74,-1.3,0.62,2.58,0.11,4.53,-2.31,-6.9,-3.81,-0.44,-3.05,0.08,NA,NA,NA,NA,NA,1,402.9913,652.1479,0,652.1479,0,0,2.3026,0
2020-11-12,2020,11,12,"12:00:00","Slater",3.62,-2.95,0.05,4.74,2.58,0.11,-1.3,-2.31,-6.9,0.62,-0.44,-3.05,NA,NA,NA,NA,NA,1,418.9913,668.1479,0,668.1479,0,0,2.3026,0
2020-11-13,2020,11,13,"12:00:00","Slater",5.23,0.16,2.65,3.62,4.74,2.58,-2.95,-1.3,-2.31,0.05,0.62,-0.44,NA,NA,NA,NA,NA,0.9998,442.9911,692.1476,0,692.1476,0,0,2.3026,0
2020-11-14,2020,11,14,"12:00:00","Slater",7.82,-1.47,2.37,5.23,3.62,4.74,0.16,-2.95,-1.3,2.65,0.05,0.62,NA,NA,NA,NA,NA,0.9978,466.9887,716.1452,0,716.1452,0,0,2.3026,0
2020-11-15,2020,11,15,"12:00:00","Slater",8.17,-0.99,3.11,7.82,5.23,3.62,-1.47,0.16,-2.95,2.37,2.65,0.05,NA,NA,NA,NA,NA,0.9976,490.8926,740.0491,0,740.0491,0,0,2.3026,0
2020-11-16,2020,11,16,"12:00:00","Slater",2.98,-1.13,0.31,8.17,7.82,5.23,-0.99,-1.47,0.16,3.11,2.37,2.65,NA,NA,NA,NA,NA,1,514.6318,763.7883,0,763.7883,0,0,2.3026,0
2020-11-17,2020,11,17,"12:00:00","Slater",6.33,0.27,3.21,2.98,8.17,7.82,-1.13,-0.99,-1.47,0.31,3.11,2.37,NA,NA,NA,NA,NA,1,538.6318,787.7883,0,787.7883,0,0,2.3026,0
2020-11-18,2020,11,18,"12:00:00","Slater",4.35,0.33,2.9,6.33,2.98,8.17,0.27,-1.13,-0.99,3.21,0.31,3.11,NA,NA,NA,NA,NA,1,562.6197,811.7762,0,811.7762,0,0,2.3026,0
2020-11-19,2020,11,19,"12:00:00","Slater",6.38,-1.01,1.74,4.35,6.33,2.98,0.33,0.27,-1.13,2.9,3.21,0.31,NA,NA,NA,NA,NA,1,586.6197,835.7762,0,835.7762,0,0,2.3026,0
2020-11-20,2020,11,20,"12:00:00","Slater",4.19,-2.04,0.82,6.38,4.35,6.33,-1.01,0.33,0.27,1.74,2.9,3.21,NA,NA,NA,NA,NA,1,609.6062,858.7628,0,858.7628,0,0,2.3026,0
2020-11-21,2020,11,21,"12:00:00","Slater",5.9,-1.7,0.96,4.19,6.38,4.35,-2.04,-1.01,0.33,0.82,1.74,2.9,NA,NA,NA,NA,NA,0.9999,633.6061,882.7626,0,882.7626,0,0,2.3026,0
2020-11-22,2020,11,22,"12:00:00","Slater",5.28,0.05,2.04,5.9,4.19,6.38,-1.7,-2.04,-1.01,0.96,0.82,1.74,NA,NA,NA,NA,NA,1,657.6034,906.7599,0,906.7599,0,0,2.3026,0
2020-11-23,2020,11,23,"12:00:00","Slater",4.56,-0.56,1.56,5.28,5.9,4.19,0.05,-1.7,-2.04,2.04,0.96,0.82,NA,NA,NA,NA,NA,1,681.6031,930.7597,0,930.7597,0,0,2.3026,0
2020-11-24,2020,11,24,"12:00:00","Slater",3.01,0,1.92,4.56,5.28,5.9,-0.56,0.05,-1.7,1.56,2.04,0.96,NA,NA,NA,NA,NA,1,705.6031,954.7597,0,954.7597,0,0,2.3026,0
2020-11-25,2020,11,25,"12:00:00","Slater",5.8,-2.77,0.14,3.01,4.56,5.28,0,-0.56,0.05,1.92,1.56,2.04,NA,NA,NA,NA,NA,1,726.6031,975.7597,0,975.7597,0,0,2.3026,0
2020-11-26,2020,11,26,"12:00:00","Slater",3.67,-3.21,0.1,5.8,3.01,4.56,-2.77,0,-0.56,0.14,1.92,1.56,NA,NA,NA,NA,NA,1,749.6016,998.7581,0,998.7581,0,0,2.3026,0
2020-11-27,2020,11,27,"12:00:00","Slater",6.99,0.38,2.86,3.67,5.8,3.01,-3.21,-2.77,0,0.1,0.14,1.92,NA,NA,NA,NA,NA,0.9999,773.6015,1022.758,0,1022.758,0,0,2.3026,0
2020-11-28,2020,11,28,"12:00:00","Slater",6,-2.57,1.05,6.99,3.67,5.8,0.38,-3.21,-2.77,2.86,0.1,0.14,NA,NA,NA,NA,NA,1,795.5759,1044.7324,0,1044.7324,0,0,2.3026,0
2020-11-29,2020,11,29,"12:00:00","Slater",5.23,-2.36,1.48,6,6.99,3.67,-2.57,0.38,-3.21,1.05,2.86,0.1,NA,NA,NA,NA,NA,1,817.5715,1066.728,0,1066.728,0,0,2.3026,0
2020-11-30,2020,11,30,"12:00:00","Slater",5.41,2.24,3.74,5.23,6,6.99,-2.36,-2.57,0.38,1.48,1.05,2.86,"Sweetheart",-14.57,-17.74,-11.26,"DTA",1,841.5701,1090.7267,0,1090.7267,0,0,2.3026,0
2020-12-01,2020,12,1,"12:00:00","Slater",4.61,-3.87,0.04,5.41,5.23,6,2.24,-2.36,-2.57,3.74,1.48,1.05,NA,NA,NA,NA,NA,1,863.5701,1112.7266,0,1112.7266,0,0,2.3026,0
2020-12-02,2020,12,2,"12:00:00","Slater",1.61,-5.17,-2.57,4.61,5.41,5.23,-3.87,2.24,-2.36,0.04,3.74,1.48,NA,NA,NA,NA,NA,1,873.5701,1119,1,1122.7266,0,0,2.3026,1
2020-12-03,2020,12,3,"12:00:00","Slater",1.94,-5.57,-1.7,1.61,4.61,5.41,-5.17,-3.87,2.24,-2.57,0.04,3.74,NA,NA,NA,NA,NA,1,880.5701,1119,1,1129.7266,0,0,2.3026,1
2020-12-04,2020,12,4,"12:00:00","Slater",4.04,-4.11,-1.47,1.94,1.61,4.61,-5.57,-5.17,-3.87,-1.7,-2.57,0.04,NA,NA,NA,NA,NA,1,896.5701,1119,1,1145.7266,0,0,2.3026,1
2020-12-05,2020,12,5,"12:00:00","Slater",2.29,-6.04,-2.48,4.04,1.94,1.61,-4.11,-5.57,-5.17,-1.47,-1.7,-2.57,NA,NA,NA,NA,NA,1,905.5701,1119,1,1154.7266,0,0,2.3026,1
2020-12-06,2020,12,6,"12:00:00","Slater",1.94,-5.11,-2.07,2.29,4.04,1.94,-6.04,-4.11,-5.57,-2.48,-1.47,-1.7,NA,NA,NA,NA,NA,1,915.5701,1119,1,1164.7266,0,0,2.3026,1
2020-12-07,2020,12,7,"12:00:00","Slater",3.19,-3.09,-0.14,1.94,2.29,4.04,-5.11,-6.04,-4.11,-2.07,-2.48,-1.47,NA,NA,NA,NA,NA,1,936.5701,1119,1,1185.7266,0,0,2.3026,1
2020-12-08,2020,12,8,"12:00:00","Slater",3.12,0.19,1.13,3.19,1.94,2.29,-3.09,-5.11,-6.04,-0.14,-2.07,-2.48,NA,NA,NA,NA,NA,1,960.5701,1119,1,1209.7266,0,0,2.3026,1
2020-12-09,2020,12,9,"12:00:00","Slater",1.59,0.19,0.91,3.12,3.19,1.94,0.19,-3.09,-5.11,1.13,-0.14,-2.07,NA,NA,NA,NA,NA,1,984.5701,1119,1,1233.7266,0,0,2.3026,1
2020-12-10,2020,12,10,"12:00:00","Slater",0.85,-0.14,0.33,1.59,3.12,3.19,0.19,0.19,-3.09,0.91,1.13,-0.14,NA,NA,NA,NA,NA,1,1008.5701,1119,1,1257.7266,0,0,2.3026,1
2020-12-11,2020,12,11,"12:00:00","Slater",1.86,-0.4,0.33,0.85,1.59,3.12,-0.14,0.19,0.19,0.33,0.91,1.13,NA,NA,NA,NA,NA,1,1032.5701,1119,1,1281.7266,0,0,2.3026,1
2020-12-12,2020,12,12,"12:00:00","Slater",3.38,-0.59,0.36,1.86,0.85,1.59,-0.4,-0.14,0.19,0.33,0.33,0.91,NA,NA,NA,NA,NA,1,1056.5701,1119,1,1305.7266,0,0,2.3026,1
2020-12-13,2020,12,13,"12:00:00","Slater",1.59,-1.47,-0.13,3.38,1.86,0.85,-0.59,-0.4,-0.14,0.36,0.33,0.33,NA,NA,NA,NA,NA,1,1080.5701,1119,1,1329.7266,0,0,2.3026,1
2020-12-14,2020,12,14,"12:00:00","Slater",1.86,-1.01,0.15,1.59,3.38,1.86,-1.47,-0.59,-0.4,-0.13,0.36,0.33,NA,NA,NA,NA,NA,1,1104.5701,1119,1,1353.7266,0,0,2.3026,1
2020-12-15,2020,12,15,"12:00:00","Slater",1.91,-0.79,0.28,1.86,1.59,3.38,-1.01,-1.47,-0.59,0.15,-0.13,0.36,NA,NA,NA,NA,NA,1,1128.5701,1119,1,1377.7266,0,0,2.3026,1
2020-12-16,2020,12,16,"12:00:00","Slater",3.04,-0.93,0.51,1.91,1.86,1.59,-0.79,-1.01,-1.47,0.28,0.15,-0.13,NA,NA,NA,NA,NA,1,1152.5701,1119,1,1401.7266,0,0,2.3026,1
2020-12-17,2020,12,17,"12:00:00","Slater",4.97,-1.21,1.7,3.04,1.91,1.86,-0.93,-0.79,-1.01,0.51,0.28,0.15,NA,NA,NA,NA,NA,1,1176.5701,1119,1,1425.7266,0,0,2.3026,1
2020-12-18,2020,12,18,"12:00:00","Slater",5.49,-0.12,2.5,4.97,3.04,1.91,-1.21,-0.93,-0.79,1.7,0.51,0.28,NA,NA,NA,NA,NA,1,1200.57,1119,1,1449.7265,0,0,2.3026,1
2020-12-19,2020,12,19,"12:00:00","Slater",7.14,0.74,4.16,5.49,4.97,3.04,-0.12,-1.21,-0.93,2.5,1.7,0.51,NA,NA,NA,NA,NA,0.9747,1224.5111,1119,1,1473.6676,0.0881,0.3107,2.3332,1
2020-12-20,2020,12,20,"12:00:00","Slater",11.01,2.98,7.17,7.14,5.49,4.97,0.74,-0.12,-1.21,4.16,2.5,1.7,NA,NA,NA,NA,NA,0.4316,1246.8354,1119,1,1495.9919,0.1613,1.0633,2.4036,1
2020-12-21,2020,12,21,"12:00:00","Slater",6.23,0.02,1.22,11.01,7.14,5.49,2.98,0.74,-0.12,7.17,4.16,2.5,NA,NA,NA,NA,NA,1,1268.3983,1119,1,1517.5549,0,2.7693,2.547,1
2020-12-22,2020,12,22,"12:00:00","Slater",3.93,-7.06,-0.67,6.23,11.01,7.14,0.02,2.98,0.74,1.22,7.17,4.16,NA,NA,NA,NA,NA,1,1292.3983,1119,1,1541.5549,0,2.7693,2.547,1
2020-12-23,2020,12,23,"12:00:00","Slater",-2.33,-9.78,-7.01,3.93,6.23,11.01,-7.06,0.02,2.98,-0.67,1.22,7.17,NA,NA,NA,NA,NA,0,1297.3983,1119,1,1546.5549,0,2.7693,2.547,1
2020-12-24,2020,12,24,"12:00:00","Slater",-1.87,-8.4,-5.59,-2.33,3.93,6.23,-9.78,-7.06,0.02,-7.01,-0.67,1.22,NA,NA,NA,NA,NA,0,1297.3983,1119,1,1546.5549,0,2.7693,2.547,1
2020-12-25,2020,12,25,"12:00:00","Slater",-1.47,-6.77,-3.92,-1.87,-2.33,3.93,-8.4,-9.78,-7.06,-5.59,-7.01,-0.67,NA,NA,NA,NA,NA,1,1301.3983,1119,1,1550.5549,0,2.7693,2.547,1
2020-12-26,2020,12,26,"12:00:00","Slater",1.26,-3.04,-1.44,-1.47,-1.87,-2.33,-6.77,-8.4,-9.78,-3.92,-5.59,-7.01,NA,NA,NA,NA,NA,1,1310.3983,1119,1,1559.5549,0,2.7693,2.547,1
2020-12-27,2020,12,27,"12:00:00","Slater",1.18,-3.63,-1.25,1.26,-1.47,-1.87,-3.04,-6.77,-8.4,-1.44,-3.92,-5.59,NA,NA,NA,NA,NA,1,1323.3983,1119,1,1572.5549,0,2.7693,2.547,1
2020-12-28,2020,12,28,"12:00:00","Slater",1.94,-2.04,-0.38,1.18,1.26,-1.47,-3.63,-3.04,-6.77,-1.25,-1.44,-3.92,NA,NA,NA,NA,NA,1,1347.3983,1119,1,1596.5549,0,2.7693,2.547,1
2020-12-29,2020,12,29,"12:00:00","Slater",-1.01,-8.43,-3.76,1.94,1.18,1.26,-2.04,-3.63,-3.04,-0.38,-1.25,-1.44,NA,NA,NA,NA,NA,0,1358.3983,1119,1,1607.5549,0,2.7693,2.547,1
2020-12-30,2020,12,30,"12:00:00","Slater",0.16,-1.7,-1.06,-1.01,1.94,1.18,-8.43,-2.04,-3.63,-3.76,-0.38,-1.25,NA,NA,NA,NA,NA,1,1378.3983,1119,1,1627.5549,0,2.7693,2.547,1
2020-12-31,2020,12,31,"12:00:00","Slater",2.18,-2.02,-0.91,0.16,-1.01,1.94,-1.7,-8.43,-2.04,-1.06,-3.76,-0.38,NA,NA,NA,NA,NA,1,1401.3983,1119,1,1650.5549,0,2.7693,2.547,1
2021-01-01,2021,1,1,"12:00:00","Slater",4.82,-0.28,1.87,2.18,0.16,-1.01,-2.02,-1.7,-8.43,-0.91,-1.06,-3.76,NA,NA,NA,NA,NA,1,1425.3983,1119,1,1674.5549,0,2.7693,2.547,1
2021-01-02,2021,1,2,"12:00:00","Slater",5.26,2.1,4.16,4.82,2.18,0.16,-0.28,-2.02,-1.7,1.87,-0.91,-1.06,NA,NA,NA,NA,NA,1,1449.3982,1119,1,1698.5547,0,2.7693,2.547,1
2021-01-03,2021,1,3,"12:00:00","Slater",7.27,-1.01,2.15,5.26,4.82,2.18,2.1,-0.28,-2.02,4.16,1.87,-0.91,NA,NA,NA,NA,NA,0.9994,1473.3971,1119,1,1722.5537,0.069,2.9043,2.5576,1
2021-01-04,2021,1,4,"12:00:00","Slater",2.58,-0.65,1.33,7.27,5.26,4.82,-1.01,2.1,-0.28,2.15,4.16,1.87,NA,NA,NA,NA,NA,1,1497.3272,1119,1,1746.4837,0,3.1608,2.5772,1
2021-01-05,2021,1,5,"12:00:00","Slater",4.22,-2.77,0.77,2.58,7.27,5.26,-0.65,-1.01,2.1,1.33,2.15,4.16,NA,NA,NA,NA,NA,1,1517.3272,1119,1,1766.4837,0,3.1608,2.5772,1
2021-01-06,2021,1,6,"12:00:00","Slater",6.03,0.66,3.18,4.22,2.58,7.27,-2.77,-0.65,-1.01,0.77,1.33,2.15,NA,NA,NA,NA,NA,0.9993,1541.3265,1119,1,1790.4831,0.0692,3.2301,2.5825,1
2021-01-07,2021,1,7,"12:00:00","Slater",3.41,-1.7,0.77,6.03,4.22,2.58,0.66,-2.77,-0.65,3.18,0.77,1.33,NA,NA,NA,NA,NA,1,1565.3206,1119,1,1814.4771,0,3.4475,2.5988,1
2021-01-08,2021,1,8,"12:00:00","Slater",2.21,-1.01,0.66,3.41,6.03,4.22,-1.7,0.66,-2.77,0.77,3.18,0.77,NA,NA,NA,NA,NA,1,1589.3206,1119,1,1838.4771,0,3.4475,2.5988,1
2021-01-09,2021,1,9,"12:00:00","Slater",2.96,-4.02,-0.85,2.21,3.41,6.03,-1.01,-1.7,0.66,0.66,0.77,3.18,NA,NA,NA,NA,NA,1,1604.3206,1119,1,1853.4771,0,3.4475,2.5988,1
2021-01-10,2021,1,10,"12:00:00","Slater",5.05,2.42,3.39,2.96,2.21,3.41,-4.02,-1.01,-1.7,-0.85,0.66,0.77,NA,NA,NA,NA,NA,1,1628.3206,1119,1,1877.4771,0,3.4475,2.5988,1
2021-01-11,2021,1,11,"12:00:00","Slater",6.03,2.29,3.96,5.05,2.96,2.21,2.42,-4.02,-1.01,3.39,-0.85,0.66,NA,NA,NA,NA,NA,1,1652.3204,1119,1,1901.477,0,3.5113,2.6035,1
2021-01-12,2021,1,12,"12:00:00","Slater",6.48,2.1,4.45,6.03,5.05,2.96,2.29,2.42,-4.02,3.96,3.39,-0.85,NA,NA,NA,NA,NA,1,1676.3163,1119,1,1925.4728,0,3.7855,2.6236,1
2021-01-13,2021,1,13,"12:00:00","Slater",8.24,1.04,5.47,6.48,6.03,5.05,2.1,2.29,2.42,4.45,3.96,3.39,NA,NA,NA,NA,NA,0.9958,1700.1131,1119,1,1949.2696,0.0767,4.6863,2.6869,1
2021-01-14,2021,1,14,"12:00:00","Slater",1.53,-3.57,-1,8.24,6.48,6.03,1.04,2.1,2.29,5.47,4.45,3.96,NA,NA,NA,NA,NA,1,1716.8712,1119,1,1966.0277,0,5.7493,2.7568,1
2021-01-15,2021,1,15,"12:00:00","Slater",5.74,-2.57,0.67,1.53,8.24,6.48,-3.57,1.04,2.1,-1,5.47,4.45,NA,NA,NA,NA,NA,1,1738.8712,1119,1,1988.0277,0,5.7493,2.7568,1
2021-01-16,2021,1,16,"12:00:00","Slater",1.04,-4.26,-1.23,5.74,1.53,8.24,-2.57,-3.57,1.04,0.67,-1,5.47,NA,NA,NA,NA,NA,1,1751.8691,1119,1,2001.0256,0,5.8908,2.7657,1
2021-01-17,2021,1,17,"12:00:00","Slater",5.28,-1.19,1.4,1.04,5.74,1.53,-4.26,-2.57,-3.57,-1.23,0.67,-1,NA,NA,NA,NA,NA,1,1775.8691,1119,1,2025.0256,0,5.8908,2.7657,1
2021-01-18,2021,1,18,"12:00:00","Slater",6.81,-0.37,3.31,5.28,1.04,5.74,-1.19,-4.26,-2.57,1.4,-1.23,0.67,NA,NA,NA,NA,NA,0.9952,1799.862,1119,1,2049.0185,0.0774,6.2367,2.7873,1
2021-01-19,2021,1,19,"12:00:00","Slater",3.62,-3.27,-0.37,6.81,5.28,1.04,-0.37,-1.19,-4.26,3.31,1.4,-1.23,NA,NA,NA,NA,NA,1,1815.8181,1119,1,2064.9747,0,6.7006,2.8154,1
2021-01-20,2021,1,20,"12:00:00","Slater",2.74,-3.75,-0.89,3.62,6.81,5.28,-3.27,-0.37,-1.19,-0.37,3.31,1.4,NA,NA,NA,NA,NA,1,1830.8181,1119,1,2079.9747,0,6.7006,2.8154,1
2021-01-21,2021,1,21,"12:00:00","Slater",-0.48,-6.52,-2.3,2.74,3.62,6.81,-3.75,-3.27,-0.37,-0.89,-0.37,3.31,NA,NA,NA,NA,NA,1,1851.8181,1119,1,2100.9747,0,6.7006,2.8154,1
2021-01-22,2021,1,22,"12:00:00","Slater",-3.45,-8.3,-5.51,-0.48,2.74,3.62,-6.52,-3.75,-3.27,-2.3,-0.89,-0.37,NA,NA,NA,NA,NA,0,1854.8181,1119,1,2103.9747,0,6.7006,2.8154,1
2021-01-23,2021,1,23,"12:00:00","Slater",-2.07,-10.09,-7.12,-3.45,-0.48,2.74,-8.3,-6.52,-3.75,-5.51,-2.3,-0.89,NA,NA,NA,NA,NA,0,1854.8181,1119,1,2103.9747,0,6.7006,2.8154,1
2021-01-24,2021,1,24,"12:00:00","Slater",-2.51,-9.4,-5.31,-2.07,-3.45,-0.48,-10.09,-8.3,-6.52,-7.12,-5.51,-2.3,NA,NA,NA,NA,NA,0,1854.8181,1119,1,2103.9747,0,6.7006,2.8154,1
2021-01-25,2021,1,25,"12:00:00","Slater",-0.4,-4.05,-2.86,-2.51,-2.07,-3.45,-9.4,-10.09,-8.3,-5.31,-7.12,-5.51,NA,NA,NA,NA,NA,1,1856.8181,1119,1,2105.9747,0,6.7006,2.8154,1
2021-01-26,2021,1,26,"12:00:00","Slater",0.6,-3.69,-2.16,-0.4,-2.51,-2.07,-4.05,-9.4,-10.09,-2.86,-5.31,-7.12,NA,NA,NA,NA,NA,1,1862.8181,1119,1,2111.9747,0,6.7006,2.8154,1
2021-01-27,2021,1,27,"12:00:00","Slater",0.58,-2.54,-1.16,0.6,-0.4,-2.51,-3.69,-4.05,-9.4,-2.16,-2.86,-5.31,NA,NA,NA,NA,NA,1,1874.8181,1119,1,2123.9747,0,6.7006,2.8154,1
2021-01-28,2021,1,28,"12:00:00","Slater",1.8,-1.04,-0.04,0.58,0.6,-0.4,-2.54,-3.69,-4.05,-1.16,-2.16,-2.86,NA,NA,NA,NA,NA,1,1898.8181,1119,1,2147.9747,0,6.7006,2.8154,1
2021-01-29,2021,1,29,"12:00:00","Slater",3.35,-2.45,-0.28,1.8,0.58,0.6,-1.04,-2.54,-3.69,-0.04,-1.16,-2.16,NA,NA,NA,NA,NA,1,1922.8181,1119,1,2171.9747,0,6.7006,2.8154,1
2021-01-30,2021,1,30,"12:00:00","Slater",2.77,-2.31,0.44,3.35,1.8,0.58,-2.45,-1.04,-2.54,-0.28,-0.04,-1.16,NA,NA,NA,NA,NA,1,1941.8181,1119,1,2190.9747,0,6.7006,2.8154,1
2021-01-31,2021,1,31,"12:00:00","Slater",6.31,1.21,3.55,2.77,3.35,1.8,-2.31,-2.45,-1.04,0.44,-0.28,-0.04,NA,NA,NA,NA,NA,1,1965.8181,1119,1,2214.9746,0,6.7006,2.8154,1
2021-02-01,2021,2,1,"12:00:00","Slater",6.48,3.46,4.89,6.31,2.77,3.35,1.21,-2.31,-2.45,3.55,0.44,-0.28,NA,NA,NA,NA,NA,1,1989.783,1119,1,2238.9395,0,7.3467,2.8534,1
2021-02-02,2021,2,2,"12:00:00","Slater",5.62,0.27,3.12,6.48,6.31,2.77,3.46,1.21,-2.31,4.89,3.55,0.44,NA,NA,NA,NA,NA,0.9992,2013.7814,1119,1,2262.938,0.0699,7.7661,2.8773,1
2021-02-03,2021,2,3,"12:00:00","Slater",6,-2.39,0.75,5.62,6.48,6.31,0.27,3.46,1.21,3.12,4.89,3.55,NA,NA,NA,NA,NA,1,2036.7805,1119,1,2285.9371,0,7.8363,2.8812,1
2021-02-04,2021,2,4,"12:00:00","Slater",3.19,-2.65,0.51,6,5.62,6.48,-2.39,0.27,3.46,0.75,3.12,4.89,NA,NA,NA,NA,NA,1,2056.7777,1119,1,2305.9342,0,7.9748,2.889,1
2021-02-05,2021,2,5,"12:00:00","Slater",7.19,0.22,3.11,3.19,6,5.62,-2.65,-2.39,0.27,0.51,0.75,3.12,NA,NA,NA,NA,NA,1,2080.7777,1119,1,2329.9342,0,7.9748,2.889,1
2021-02-06,2021,2,6,"12:00:00","Slater",4.25,1.86,2.87,7.19,3.19,6,0.22,-2.65,-2.39,3.11,0.51,0.75,NA,NA,NA,NA,NA,1,2104.6975,1119,1,2353.8541,0,8.456,2.9154,1
2021-02-07,2021,2,7,"12:00:00","Slater",1.53,-2.16,-0.2,4.25,7.19,3.19,1.86,0.22,-2.65,2.87,3.11,0.51,NA,NA,NA,NA,NA,1,2128.6975,1119,1,2377.854,0,8.456,2.9154,1
2021-02-08,2021,2,8,"12:00:00","Slater",-1.27,-8.7,-5.54,1.53,4.25,7.19,-2.16,1.86,0.22,-0.2,2.87,3.11,NA,NA,NA,NA,NA,0,2140.6975,1119,1,2389.854,0,8.456,2.9154,1
2021-02-09,2021,2,9,"12:00:00","Slater",-8.16,-12.82,-10.5,-1.27,1.53,4.25,-8.7,-2.16,1.86,-5.54,-0.2,2.87,NA,NA,NA,NA,NA,0,2140.6975,1119,1,2389.854,0,8.456,2.9154,1
2021-02-10,2021,2,10,"12:00:00","Slater",-8.53,-12.05,-9.87,-8.16,-1.27,1.53,-12.82,-8.7,-2.16,-10.5,-5.54,-0.2,NA,NA,NA,NA,NA,0,2140.6975,1119,1,2389.854,0,8.456,2.9154,1
2021-02-11,2021,2,11,"12:00:00","Slater",-11.83,-14.9,-13.21,-8.53,-8.16,-1.27,-12.05,-12.82,-8.7,-9.87,-10.5,-5.54,NA,NA,NA,NA,NA,0,2140.6975,1119,1,2389.854,0,8.456,2.9154,1
2021-02-12,2021,2,12,"12:00:00","Slater",-10.27,-14,-12.46,-11.83,-8.53,-8.16,-14.9,-12.05,-12.82,-13.21,-9.87,-10.5,NA,NA,NA,NA,NA,0,2140.6975,1119,1,2389.854,0,8.456,2.9154,1
2021-02-13,2021,2,13,"12:00:00","Slater",-7.28,-10.79,-9.04,-10.27,-11.83,-8.53,-14,-14.9,-12.05,-12.46,-13.21,-9.87,NA,NA,NA,NA,NA,0,2140.6975,1119,1,2389.854,0,8.456,2.9154,1
2021-02-14,2021,2,14,"12:00:00","Slater",-1.5,-8.16,-4.84,-7.28,-10.27,-11.83,-10.79,-14,-14.9,-9.04,-12.46,-13.21,NA,NA,NA,NA,NA,0,2140.6975,1119,1,2389.854,0,8.456,2.9154,1
2021-02-15,2021,2,15,"12:00:00","Slater",-2.54,-7.03,-4.66,-1.5,-7.28,-10.27,-8.16,-10.79,-14,-4.84,-9.04,-12.46,"Sweetheart",-17.01,-18.58,-14.46,"DTA",0,2142.6975,1119,1,2391.854,0,8.456,2.9154,1
2021-02-16,2021,2,16,"12:00:00","Slater",0.5,-4.53,-2.68,-2.54,-1.5,-7.28,-7.03,-8.16,-10.79,-4.66,-4.84,-9.04,NA,NA,NA,NA,NA,1,2143.6975,1119,1,2392.854,0,8.456,2.9154,1
2021-02-17,2021,2,17,"12:00:00","Slater",3.75,-4.62,-0.67,0.5,-2.54,-1.5,-4.53,-7.03,-8.16,-2.68,-4.66,-4.84,NA,NA,NA,NA,NA,1,2153.6975,1119,1,2402.854,0,8.456,2.9154,1
2021-02-18,2021,2,18,"12:00:00","Slater",-1.64,-6.2,-3.3,3.75,0.5,-2.54,-4.62,-4.53,-7.03,-0.67,-2.68,-4.66,NA,NA,NA,NA,NA,0,2163.6975,1119,1,2412.854,0,8.456,2.9154,1
2021-02-19,2021,2,19,"12:00:00","Slater",2.37,-2.86,-0.86,-1.64,3.75,0.5,-6.2,-4.62,-4.53,-3.3,-0.67,-2.68,NA,NA,NA,NA,NA,1,2172.6975,1119,1,2421.854,0,8.456,2.9154,1
2021-02-20,2021,2,20,"12:00:00","Slater",5.1,-2.71,-0.28,2.37,-1.64,3.75,-2.86,-6.2,-4.62,-0.86,-3.3,-0.67,NA,NA,NA,NA,NA,1,2186.6975,1119,1,2435.854,0,8.456,2.9154,1
2021-02-21,2021,2,21,"12:00:00","Slater",7.44,0.25,3.59,5.1,2.37,-1.64,-2.71,-2.86,-6.2,-0.28,-0.86,-3.3,NA,NA,NA,NA,NA,1,2210.6974,1119,1,2459.8539,0,8.5203,2.9189,1
2021-02-22,2021,2,22,"12:00:00","Slater",11.32,3.25,6.02,7.44,5.1,2.37,0.25,-2.71,-2.86,3.59,-0.28,-0.86,NA,NA,NA,NA,NA,0.9966,2234.5888,1119,1,2483.7453,0.0758,9.4431,2.9675,1
2021-02-23,2021,2,23,"12:00:00","Slater",7.39,1.24,4.15,11.32,7.44,5.1,3.25,0.25,-2.71,6.02,3.59,-0.28,NA,NA,NA,NA,NA,0.9961,2257.1203,1119,1,2506.2768,0.0764,10.6444,3.0274,1
2021-02-24,2021,2,24,"12:00:00","Slater",7.89,-2.13,2.27,7.39,11.32,7.44,1.24,3.25,0.25,4.15,6.02,3.59,NA,NA,NA,NA,NA,1,2280.0403,1119,1,2529.1968,0,11.0542,3.0471,1
2021-02-25,2021,2,25,"12:00:00","Slater",6.28,1.72,3.71,7.89,7.39,11.32,-2.13,1.24,3.25,2.27,4.15,6.02,NA,NA,NA,NA,NA,1,2303.9277,1119,1,2553.0842,0,11.3816,3.0625,1
2021-02-26,2021,2,26,"12:00:00","Slater",6.99,-0.48,3.39,6.28,7.89,7.39,1.72,-2.13,1.24,3.71,2.27,4.15,NA,NA,NA,NA,NA,0.9994,2327.9178,1119,1,2577.0744,0.069,11.8064,3.0822,1
2021-02-27,2021,2,27,"12:00:00","Slater",8.2,-0.7,2.12,6.99,6.28,7.89,-0.48,1.72,-2.13,3.39,3.71,2.27,NA,NA,NA,NA,NA,1,2351.8855,1119,1,2601.042,0,12.0417,3.0929,1
2021-02-28,2021,2,28,"12:00:00","Slater",9.41,0.47,4.24,8.2,6.99,6.28,-0.7,-0.48,1.72,2.12,3.39,3.71,NA,NA,NA,NA,NA,0.9998,2375.7386,1119,1,2624.8952,0.0661,12.3715,3.1078,1
2021-03-01,2021,3,1,"12:00:00","Slater",9.73,3.43,6.28,9.41,8.2,6.99,0.47,-0.7,-0.48,4.24,2.12,3.39,NA,NA,NA,NA,NA,0.8751,2398.9692,1119,1,2648.1257,0.107,13.6639,3.164,1
2021-03-02,2021,3,2,"12:00:00","Slater",9.29,2.13,5.06,9.73,9.41,8.2,3.43,0.47,-0.7,6.28,4.24,2.12,NA,NA,NA,NA,NA,0.9317,2421.3764,1119,1,2670.5329,0.0982,15.2218,3.2277,1
2021-03-03,2021,3,3,"12:00:00","Slater",10.2,0.99,3.8,9.29,9.73,9.41,2.13,3.43,0.47,5.06,6.28,4.24,NA,NA,NA,NA,NA,0.9995,2444.115,1119,1,2693.2715,0.0687,16.1571,3.2641,1
2021-03-04,2021,3,4,"12:00:00","Slater",11.54,-0.17,4.5,10.2,9.29,9.73,0.99,2.13,3.43,3.8,5.06,6.28,NA,NA,NA,NA,NA,1,2467.1318,1119,1,2716.2883,0,16.7693,3.2873,1
2021-03-05,2021,3,5,"12:00:00","Slater",15.63,2.72,7.71,11.54,10.2,9.29,-0.17,0.99,2.13,4.5,3.8,5.06,NA,NA,NA,NA,NA,0.9931,2488.0392,1119,1,2737.1957,0.0794,18.366,3.3452,1
2021-03-06,2021,3,6,"12:00:00","Slater",14.74,3.06,7.21,15.63,11.54,10.2,2.72,-0.17,0.99,7.71,4.5,3.8,NA,NA,NA,NA,NA,0.8041,2505.3292,1119,1,2754.4858,0.116,20.9264,3.4316,1
2021-03-07,2021,3,7,"12:00:00","Slater",8.22,1.07,3.88,14.74,15.63,11.54,3.06,2.72,-0.17,7.21,7.71,4.5,NA,NA,NA,NA,NA,0.9917,2525.3523,1119,1,2774.5088,0.0804,22.6979,3.4873,1
2021-03-08,2021,3,8,"12:00:00","Slater",7.59,-2.31,1.38,8.22,14.74,15.63,1.07,3.06,2.72,3.88,7.21,7.71,NA,NA,NA,NA,NA,1,2546.165,1119,1,2795.3215,0,23.1223,3.5002,1
2021-03-09,2021,3,9,"12:00:00","Slater",7.19,-2.13,1.96,7.59,8.22,14.74,-2.31,1.07,3.06,1.38,3.88,7.21,NA,NA,NA,NA,NA,1,2569.0664,1119,1,2818.223,0,23.3863,3.5081,1
2021-03-10,2021,3,10,"12:00:00","Slater",8.14,-1.27,3,7.19,7.59,8.22,-2.13,-2.31,1.07,1.96,1.38,3.88,NA,NA,NA,NA,NA,1,2593.0123,1119,1,2842.1689,0,23.849,3.5219,1
2021-03-11,2021,3,11,"12:00:00","Slater",6.84,-2.83,0.91,8.14,7.19,7.59,-1.27,-2.13,-2.31,3,1.96,1.38,NA,NA,NA,NA,NA,1,2613.7496,1119,1,2862.9062,0,24.3812,3.5375,1
2021-03-12,2021,3,12,"12:00:00","Slater",12.48,-2.16,3.73,6.84,8.14,7.19,-2.83,-1.27,-2.13,0.91,3,1.96,NA,NA,NA,NA,NA,0.9994,2636.7245,1119,1,2885.8811,0.069,24.7454,3.548,1
2021-03-13,2021,3,13,"12:00:00","Slater",13.83,-0.23,5.35,12.48,6.84,8.14,-2.16,-2.83,-1.27,3.73,0.91,3,NA,NA,NA,NA,NA,0.9991,2658.8156,1119,1,2907.9722,0.0705,25.7485,3.5765,1
2021-03-14,2021,3,14,"12:00:00","Slater",12.94,2.61,7.66,13.83,12.48,6.84,-0.23,-2.16,-2.83,5.35,3.73,0.91,NA,NA,NA,NA,NA,0.9294,2678.7102,1119,1,2927.8667,0.0986,27.626,3.6277,1
2021-03-15,2021,3,15,"12:00:00","Slater",9.8,1.32,5.7,12.94,13.83,12.48,2.61,-0.23,-2.16,7.66,5.35,3.73,NA,NA,NA,NA,NA,0.9995,2696.658,1119,1,2945.8145,0.0681,29.784,3.6835,1
2021-03-16,2021,3,16,"12:00:00","Slater",9.61,-1.04,3.05,9.8,12.94,13.83,1.32,2.61,-0.23,5.7,7.66,5.35,NA,NA,NA,NA,NA,1,2719.9793,1119,1,2969.1358,0,30.7804,3.7082,1
2021-03-17,2021,3,17,"12:00:00","Slater",12.75,-1.7,3.71,9.61,9.8,12.94,-1.04,1.32,2.61,3.05,5.7,7.66,NA,NA,NA,NA,NA,1,2743.0369,1119,1,2992.1935,0,31.4092,3.7235,1
2021-03-18,2021,3,18,"12:00:00","Slater",15.58,0.91,6.78,12.75,9.61,9.8,-1.7,-1.04,1.32,3.71,3.05,5.7,NA,NA,NA,NA,NA,0.9995,2764.6724,1119,1,3013.8289,0.0681,32.5494,3.7507,1
2021-03-19,2021,3,19,"12:00:00","Slater",14.91,3.12,7.74,15.58,12.75,9.61,0.91,-1.7,-1.04,6.78,3.71,3.05,NA,NA,NA,NA,NA,0.4064,2781.3587,1119,1,3030.5153,0.165,35.2111,3.8113,1
2021-03-20,2021,3,20,"12:00:00","Slater",12.92,2.5,7.21,14.91,15.58,12.75,3.12,0.91,-1.7,7.74,6.78,3.71,NA,NA,NA,NA,NA,0.6251,2798.9372,1119,1,3048.0937,0.1365,37.6873,3.8647,1
2021-03-21,2021,3,21,"12:00:00","Slater",7.42,4.4,6.32,12.92,14.91,15.58,2.5,3.12,0.91,7.21,7.74,6.78,NA,NA,NA,NA,NA,0.9799,2818.0497,1119,1,3067.2062,0.0863,39.7238,3.9065,1
2021-03-22,2021,3,22,"12:00:00","Slater",10.22,3.17,5.78,7.42,12.92,14.91,4.4,2.5,3.12,6.32,7.21,7.74,NA,NA,NA,NA,NA,0.9799,2841.5057,1119,1,3090.6622,0.0863,41.4911,3.9414,1
2021-03-23,2021,3,23,"12:00:00","Slater",13.76,-0.73,4.89,10.22,7.42,12.92,3.17,4.4,2.5,5.78,6.32,7.21,NA,NA,NA,NA,NA,1,2864.4938,1119,1,3113.6503,0,42.3222,3.9574,1
2021-03-24,2021,3,24,"12:00:00","Slater",13.09,3.67,6.93,13.76,10.22,7.42,-0.73,3.17,4.4,4.89,5.78,6.32,NA,NA,NA,NA,NA,0.7336,2884.6301,1119,1,3133.7866,0.1241,44.0582,3.9901,1
2021-03-25,2021,3,25,"12:00:00","Slater",11.54,3.01,6.94,13.09,13.76,10.22,3.67,-0.73,3.17,6.93,4.89,5.78,NA,NA,NA,NA,NA,0.6711,2904.6316,1119,1,3153.7882,0.1312,45.9694,4.0248,1
2021-03-26,2021,3,26,"12:00:00","Slater",11.52,2.5,6.97,11.54,13.09,13.76,3.01,3.67,-0.73,6.94,6.93,4.89,NA,NA,NA,NA,NA,0.7205,2924.3876,1119,1,3173.5441,0.1256,47.9307,4.0592,1
2021-03-27,2021,3,27,"12:00:00","Slater",15.82,3.14,9.98,11.52,11.54,13.09,2.5,3.01,3.67,6.97,6.94,6.93,NA,NA,NA,NA,NA,0.04,2941.5752,1119,1,3190.7318,0.2714,50.2971,4.0993,1
2021-03-28,2021,3,28,"12:00:00","Slater",15.82,1.51,9.54,15.82,11.52,11.54,3.14,2.5,3.01,9.98,6.97,6.94,NA,NA,NA,NA,NA,-0.0259,2949.9432,1119,1,3199.0998,0.3363,54.3161,4.1638,1
2021-03-29,2021,3,29,"12:00:00","Slater",6.79,0.72,3.09,15.82,15.82,11.52,1.51,3.14,2.5,9.54,9.98,6.97,NA,NA,NA,NA,NA,1,2969.2186,1119,1,3218.3752,0,56.9048,4.2033,1
2021-03-30,2021,3,30,"12:00:00","Slater",13.91,-1.1,4.33,6.79,15.82,15.82,0.72,1.51,3.14,3.09,9.54,9.98,NA,NA,NA,NA,NA,0.9768,2993.1746,1119,1,3242.3312,0.0874,57.4184,4.2109,1
2021-03-31,2021,3,31,"12:00:00","Slater",17.3,-0.34,7.54,13.91,6.79,15.82,-1.1,0.72,1.51,4.33,3.09,9.54,NA,NA,NA,NA,NA,0.466,3013.403,1119,1,3262.5595,0.1564,58.8675,4.2322,1
2021-04-01,2021,4,1,"12:00:00","Slater",20.34,5.54,11.21,17.3,13.91,6.79,-0.34,-1.1,0.72,7.54,4.33,3.09,NA,NA,NA,NA,NA,0.2747,3024.7293,1119,1,3273.8859,0.1882,62.4329,4.2827,1
2021-04-02,2021,4,2,"12:00:00","Slater",20.2,2.5,10.02,20.34,17.3,13.91,5.54,-0.34,-1.1,11.21,7.54,4.33,NA,NA,NA,NA,NA,0.4023,3034.846,1119,1,3284.0025,0.1656,67.2951,4.3476,1
2021-04-03,2021,4,3,"12:00:00","Slater",16.96,5.13,10.06,20.2,20.34,17.3,2.5,5.54,-0.34,10.02,11.21,7.54,NA,NA,NA,NA,NA,0.7552,3045.0154,1119,1,3294.172,0.1217,71.7738,4.404,1
2021-04-04,2021,4,4,"12:00:00","Slater",10.83,4.95,8.48,16.96,20.2,20.34,5.13,2.5,5.54,10.06,10.02,11.21,NA,NA,NA,NA,NA,0.7761,3054.7436,1119,1,3303.9002,0.1193,75.989,4.4542,1
2021-04-05,2021,4,5,"12:00:00","Slater",16.34,0.02,5.97,10.83,16.96,20.2,4.95,5.13,2.5,8.48,10.06,10.02,"Sweetheart",-5.67,-6.11,-5.23,"manual",0.9985,3076.6059,1119,1,3325.7624,0.0723,78.1348,4.4789,1
2021-04-06,2021,4,6,"12:00:00","Slater",17.46,0.82,9.05,16.34,10.83,16.96,0.02,4.95,5.13,5.97,8.48,10.06,NA,NA,NA,NA,NA,0.2236,3094.1938,1119,1,3343.3504,0.1997,80.4947,4.5053,1
2021-04-07,2021,4,7,"12:00:00","Slater",13.95,4.95,9.46,17.46,16.34,10.83,0.82,0.02,4.95,9.05,5.97,8.48,NA,NA,NA,NA,NA,0.2358,3102.97,1119,1,3352.1266,0.1968,84.4684,4.5483,1
2021-04-08,2021,4,8,"12:00:00","Slater",12.97,2.32,7.09,13.95,17.46,16.34,4.95,0.82,0.02,9.46,9.05,5.97,NA,NA,NA,NA,NA,0.7761,3121.0679,1119,1,3370.2244,0.1193,87.4448,4.5793,1
2021-04-09,2021,4,9,"12:00:00","Slater",11.22,1.64,5.81,12.97,13.95,17.46,2.32,4.95,0.82,7.09,9.46,9.05,NA,NA,NA,NA,NA,0.7028,3141.2415,1119,1,3390.3981,0.1276,89.3759,4.5989,1
2021-04-10,2021,4,10,"12:00:00","Slater",10.71,0.14,4.51,11.22,12.97,13.95,1.64,2.32,4.95,5.81,7.09,9.46,NA,NA,NA,NA,NA,0.9987,3162.1293,1119,1,3411.2858,0.0717,90.6311,4.6115,1
2021-04-11,2021,4,11,"12:00:00","Slater",10.64,-1.76,3.42,10.71,11.22,12.97,0.14,1.64,2.32,4.51,5.81,7.09,NA,NA,NA,NA,NA,0.9976,3184.8126,1119,1,3433.9692,0.0742,91.3536,4.6186,1
2021-04-12,2021,4,12,"12:00:00","Slater",14.51,0.47,6.54,10.64,10.71,11.22,-1.76,0.14,1.64,3.42,4.51,5.81,NA,NA,NA,NA,NA,0.8119,3206.1757,1119,1,3455.3322,0.115,92.6269,4.6311,1
2021-04-13,2021,4,13,"12:00:00","Slater",16.89,1.02,8.18,14.51,10.64,10.71,0.47,-1.76,0.14,6.54,3.42,4.51,NA,NA,NA,NA,NA,0.5014,3223.568,1119,1,3472.7246,0.1516,94.8708,4.6527,1
2021-04-14,2021,4,14,"12:00:00","Slater",20.25,3.22,10.11,16.89,14.51,10.64,1.02,0.47,-1.76,8.18,6.54,3.42,NA,NA,NA,NA,NA,0.203,3236.8575,1119,1,3486.014,0.205,97.9313,4.6815,1
2021-04-15,2021,4,15,"12:00:00","Slater",25.33,2.58,11.21,20.25,16.89,14.51,3.22,1.02,0.47,10.11,8.18,6.54,NA,NA,NA,NA,NA,0.3428,3245.4488,1119,1,3494.6053,0.1753,102.6119,4.7239,1
2021-04-16,2021,4,16,"12:00:00","Slater",25.67,4.58,12.41,25.33,20.25,16.89,2.58,3.22,1.02,11.21,10.11,8.18,NA,NA,NA,NA,NA,0.1123,3251.0035,1119,1,3500.16,0.2343,108.5206,4.7751,1
2021-04-17,2021,4,17,"12:00:00","Slater",24.6,5.28,12.83,25.67,25.33,20.25,4.58,2.58,3.22,12.41,11.21,10.11,NA,NA,NA,NA,NA,0.0658,3255.4633,1119,1,3504.6198,0.2559,115.0821,4.829,1
2021-04-18,2021,4,18,"12:00:00","Slater",21.96,6.89,12.87,24.6,25.67,25.33,5.28,4.58,2.58,12.83,12.41,11.21,NA,NA,NA,NA,NA,-0.0183,3255.6982,1119,1,3504.8547,0.3255,122.2049,4.8844,1
2021-04-19,2021,4,19,"12:00:00","Slater",19.51,4.69,10.23,21.96,24.6,25.67,6.89,5.28,4.58,12.87,12.83,12.41,NA,NA,NA,NA,NA,0.4188,3262.6928,1119,1,3511.8494,0.1631,127.8985,4.9265,1
2021-04-20,2021,4,20,"12:00:00","Slater",21.68,1.99,10.2,19.51,21.96,24.6,4.69,6.89,5.28,10.23,12.87,12.83,NA,NA,NA,NA,NA,0.0963,3275.5585,1119,1,3524.715,0.241,131.9522,4.9555,1
2021-04-21,2021,4,21,"12:00:00","Slater",22.56,3.83,11.92,21.68,19.51,21.96,1.99,4.69,6.89,10.2,10.23,12.87,NA,NA,NA,NA,NA,0.1165,3283.1372,1119,1,3532.2938,0.2326,136.877,4.9896,1
2021-04-22,2021,4,22,"12:00:00","Slater",16.06,8.27,12.42,22.56,21.68,19.51,3.83,1.99,4.69,11.92,10.2,10.23,NA,NA,NA,NA,NA,0.0471,3280.9336,1119,1,3530.0901,0.2668,143.5011,5.0337,1
2021-04-23,2021,4,23,"12:00:00","Slater",16.87,1.4,8.9,16.06,22.56,21.68,8.27,3.83,1.99,12.42,11.92,10.2,NA,NA,NA,NA,NA,0.3353,3294.1918,1119,1,3543.3483,0.1766,148.1684,5.0637,1
2021-04-24,2021,4,24,"12:00:00","Slater",15.27,7.97,10.29,16.87,16.06,22.56,1.4,8.27,3.83,8.9,12.42,11.92,NA,NA,NA,NA,NA,0.2516,3303.8551,1119,1,3553.0116,0.1932,151.7833,5.0863,1
2021-04-25,2021,4,25,"12:00:00","Slater",13.95,6.74,9.33,15.27,16.87,16.06,7.97,1.4,8.27,10.29,8.9,12.42,NA,NA,NA,NA,NA,0.3621,3319.4928,1119,1,3568.6493,0.172,155.4425,5.1086,1
2021-04-26,2021,4,26,"12:00:00","Slater",18.87,2.85,10.83,13.95,15.27,16.87,6.74,7.97,1.4,9.33,10.29,8.9,NA,NA,NA,NA,NA,0.0135,3334.6226,1119,1,3583.7791,0.2916,159.0162,5.13,1
2021-04-27,2021,4,27,"12:00:00","Slater",18.03,4.95,10.96,18.87,13.95,15.27,2.85,6.74,7.97,10.83,9.33,10.29,NA,NA,NA,NA,NA,0.0795,3342.5647,1119,1,3591.7213,0.2488,163.8557,5.1582,1
2021-04-28,2021,4,28,"12:00:00","Slater",21.96,8,13.63,18.03,18.87,13.95,4.95,2.85,6.74,10.96,10.83,9.33,NA,NA,NA,NA,NA,-1,3346.083,1119,1,3595.2395,0.4968,169.1065,5.188,1
2021-04-29,2021,4,29,"12:00:00","Slater",18.32,9.44,13.2,21.96,18.03,18.87,8,4.95,2.85,13.63,10.96,10.83,NA,NA,NA,NA,NA,-0.0133,3347.0827,1119,1,3596.2393,0.3191,175.6019,5.2236,1
2021-04-30,2021,4,30,"12:00:00","Slater",24.2,8.67,14.66,18.32,21.96,18.03,9.44,8,4.95,13.2,13.63,10.96,NA,NA,NA,NA,NA,-0.5,3348.3197,1119,1,3597.4763,0.4237,181.8921,5.2569,1
2021-08-01,2021,8,1,"12:00:00","Slater",29.84,20.29,22.85,31.51,30.95,31,21.77,18.3,19.08,25.95,24.31,24.47,NA,NA,NA,NA,NA,-1,-13,0,0,0,0,0,2.3026,0
2021-08-02,2021,8,2,"12:00:00","Slater",29.29,18.77,23.33,29.84,31.51,30.95,20.29,21.77,18.3,22.85,25.95,24.31,NA,NA,NA,NA,NA,-1,-37,0,0,0,0,0,2.3026,0
2021-08-03,2021,8,3,"12:00:00","Slater",31.13,17.82,24.36,29.29,29.84,31.51,18.77,20.29,21.77,23.33,22.85,25.95,NA,NA,NA,NA,NA,-1,-60,0,0,0,0,0,2.3026,0
2021-08-04,2021,8,4,"12:00:00","Slater",32.64,21.8,26.63,31.13,29.29,29.84,17.82,18.77,20.29,24.36,23.33,22.85,NA,NA,NA,NA,NA,-1,-84,0,0,0,0,0,2.3026,0
2021-08-05,2021,8,5,"12:00:00","Slater",33.73,18.7,25.16,32.64,31.13,29.29,21.8,17.82,18.77,26.63,24.36,23.33,NA,NA,NA,NA,NA,-1,-108,0,0,0,0,0,2.3026,0
2021-08-06,2021,8,6,"12:00:00","Slater",30.85,21.37,25.2,33.73,32.64,31.13,18.7,21.8,17.82,25.16,26.63,24.36,NA,NA,NA,NA,NA,-1,-132,0,0,0,0,0,2.3026,0
2021-08-07,2021,8,7,"12:00:00","Slater",24.46,16.03,20.47,30.85,33.73,32.64,21.37,18.7,21.8,25.2,25.16,26.63,NA,NA,NA,NA,NA,-1,-155.5,0,0,0,0,0,2.3026,0
2021-08-08,2021,8,8,"12:00:00","Slater",22.27,12.51,15.9,24.46,30.85,33.73,16.03,21.37,18.7,20.47,25.2,25.16,NA,NA,NA,NA,NA,0.0123,-163.8445,0,0,0,0,0,2.3026,0
2021-08-09,2021,8,9,"12:00:00","Slater",30.52,13.4,21.26,22.27,24.46,30.85,12.51,16.03,21.37,15.9,20.47,25.2,NA,NA,NA,NA,NA,-1,-177.6514,0,0,0,0,0,2.3026,0
2021-08-10,2021,8,10,"12:00:00","Slater",31.41,18.18,23.87,30.52,22.27,24.46,13.4,12.51,16.03,21.26,15.9,20.47,NA,NA,NA,NA,NA,-1,-201.6514,0,0,0,0,0,2.3026,0
2021-08-11,2021,8,11,"12:00:00","Slater",35.69,18.91,25.6,31.41,30.52,22.27,18.18,13.4,12.51,23.87,21.26,15.9,NA,NA,NA,NA,NA,-1,-225.6514,0,0,0,0,0,2.3026,0
2021-08-12,2021,8,12,"12:00:00","Slater",32.23,21.53,25.43,35.69,31.41,30.52,18.91,18.18,13.4,25.6,23.87,21.26,NA,NA,NA,NA,NA,-1,-249.6514,0,0,0,0,0,2.3026,0
2021-08-13,2021,8,13,"12:00:00","Slater",28.34,17.6,22.2,32.23,35.69,31.41,21.53,18.91,18.18,25.43,25.6,23.87,NA,NA,NA,NA,NA,-1,-272.6514,0,0,0,0,0,2.3026,0
2021-08-14,2021,8,14,"12:00:00","Slater",38.25,18.27,25.69,28.34,32.23,35.69,17.6,21.53,18.91,22.2,25.43,25.6,NA,NA,NA,NA,NA,-1,-296.6514,0,0,0,0,0,2.3026,0
2021-08-15,2021,8,15,"12:00:00","Slater",33.24,20.32,26.67,38.25,28.34,32.23,18.27,17.6,21.53,25.69,22.2,25.43,NA,NA,NA,NA,NA,-1,-320.6514,0,0,0,0,0,2.3026,0
2021-08-16,2021,8,16,"12:00:00","Slater",25.96,17.8,22.66,33.24,38.25,28.34,20.32,18.27,17.6,26.67,25.69,22.2,NA,NA,NA,NA,NA,-1,-344.6514,0,0,0,0,0,2.3026,0
2021-08-17,2021,8,17,"12:00:00","Slater",19.08,15.46,17.16,25.96,33.24,38.25,17.8,20.32,18.27,22.66,26.67,25.69,NA,NA,NA,NA,NA,-1,-362.1801,0,0,0,0,0,2.3026,0
2021-08-18,2021,8,18,"12:00:00","Slater",26.92,12.48,18.83,19.08,25.96,33.24,15.46,17.8,20.32,17.16,22.66,26.67,NA,NA,NA,NA,NA,-1,-370.9512,0,0,0,0,0,2.3026,0
2021-08-19,2021,8,19,"12:00:00","Slater",24.63,19.94,22.17,26.92,19.08,25.96,12.48,15.46,17.8,18.83,17.16,22.66,NA,NA,NA,NA,NA,-1,-394.9512,0,0,0,0,0,2.3026,0
2021-08-20,2021,8,20,"12:00:00","Slater",26.33,14.94,20.43,24.63,26.92,19.08,19.94,12.48,15.46,22.17,18.83,17.16,NA,NA,NA,NA,NA,-1,-414.9773,0,0,0,0,0,2.3026,0
2021-08-21,2021,8,21,"12:00:00","Slater",22.82,14.29,18.12,26.33,24.63,26.92,14.94,19.94,12.48,20.43,22.17,18.83,NA,NA,NA,NA,NA,-1,-432.4787,0,0,0,0,0,2.3026,0
2021-08-22,2021,8,22,"12:00:00","Slater",22.7,13.11,16.58,22.82,26.33,24.63,14.29,14.94,19.94,18.12,20.43,22.17,NA,NA,NA,NA,NA,-0.0013,-443.8807,0,0,0,0,0,2.3026,0
2021-08-23,2021,8,23,"12:00:00","Slater",19.89,11.32,15.21,22.7,22.82,26.33,13.11,14.29,14.94,16.58,18.12,20.43,NA,NA,NA,NA,NA,-0.5,-449.1718,0,0,0,0,0,2.3026,0
2021-08-24,2021,8,24,"12:00:00","Slater",24.39,9.21,15.2,19.89,22.7,22.82,11.32,13.11,14.29,15.21,16.58,18.12,NA,NA,NA,NA,NA,-0.5,-449.6169,0,0,0,0,0,2.3026,0
2021-08-25,2021,8,25,"12:00:00","Slater",25.82,11.27,17.6,24.39,19.89,22.7,9.21,11.32,13.11,15.2,15.21,16.58,NA,NA,NA,NA,NA,-1,-457.3699,0,0,0,0,0,2.3026,0
2021-08-26,2021,8,26,"12:00:00","Slater",24.05,13.83,18.81,25.82,24.39,19.89,11.27,9.21,11.32,17.6,15.2,15.21,NA,NA,NA,NA,NA,-1,-476.3313,0,0,0,0,0,2.3026,0
2021-08-27,2021,8,27,"12:00:00","Slater",23.76,12.22,16.93,24.05,25.82,24.39,13.83,11.27,9.21,18.81,17.6,15.2,NA,NA,NA,NA,NA,-1,-486.9028,0,0,0,0,0,2.3026,0
2021-08-28,2021,8,28,"12:00:00","Slater",25.26,11.59,17.3,23.76,24.05,25.82,12.22,13.83,11.27,16.93,18.81,17.6,NA,NA,NA,NA,NA,-0.5,-494.7585,0,0,0,0,0,2.3026,0
2021-08-29,2021,8,29,"12:00:00","Slater",28.87,13.95,20.12,25.26,23.76,24.05,11.59,12.22,13.83,17.3,16.93,18.81,NA,NA,NA,NA,NA,-1,-509.0581,0,0,0,0,0,2.3026,0
2021-08-30,2021,8,30,"12:00:00","Slater",26.67,14.84,19.84,28.87,25.26,23.76,13.95,11.59,12.22,20.12,17.3,16.93,NA,NA,NA,NA,NA,-1,-528.0794,0,0,0,0,0,2.3026,0
2021-08-31,2021,8,31,"12:00:00","Slater",16.63,11.47,14.21,26.67,28.87,25.26,14.84,13.95,11.59,19.84,20.12,17.3,NA,NA,NA,NA,NA,0.0743,-534.5628,0,0,0,0,0,2.3026,0
2021-09-01,2021,9,1,"12:00:00","Slater",22.51,12.92,16.07,16.63,26.67,28.87,11.47,14.84,13.95,14.21,19.84,20.12,NA,NA,NA,NA,NA,-1,-537.8703,0,0,0,0,0,2.3026,0
2021-09-02,2021,9,2,"12:00:00","Slater",25.79,10.54,16.17,22.51,16.63,26.67,12.92,11.47,14.84,16.07,14.21,19.84,NA,NA,NA,NA,NA,-0.5,-542.7556,0,0,0,0,0,2.3026,0
2021-09-03,2021,9,3,"12:00:00","Slater",24.07,10.98,16.55,25.79,22.51,16.63,10.54,12.92,11.47,16.17,16.07,14.21,NA,NA,NA,NA,NA,-0.5,-549.2582,0,0,0,0,0,2.3026,0
2021-09-04,2021,9,4,"12:00:00","Slater",23.71,12.56,18.35,24.07,25.79,22.51,10.98,10.54,12.92,16.55,16.17,16.07,NA,NA,NA,NA,NA,-1,-562.7118,0,0,0,0,0,2.3026,0
2021-09-05,2021,9,5,"12:00:00","Slater",18.89,15.01,16.85,23.71,24.07,25.79,12.56,10.98,10.54,18.35,16.55,16.17,NA,NA,NA,NA,NA,-0.5,-577.2834,0,0,0,0,0,2.3026,0
2021-09-06,2021,9,6,"12:00:00","Slater",28.44,13.59,19.03,18.89,23.71,24.07,15.01,12.56,10.98,16.85,18.35,16.55,NA,NA,NA,NA,NA,-1,-590.1365,0,0,0,0,0,2.3026,0
2021-09-07,2021,9,7,"12:00:00","Slater",27.75,12.73,18.24,28.44,18.89,23.71,13.59,15.01,12.56,19.03,16.85,18.35,NA,NA,NA,NA,NA,-1,-601.7023,0,0,0,0,0,2.3026,0
2021-09-08,2021,9,8,"12:00:00","Slater",27.88,15.2,19.67,27.75,28.44,18.89,12.73,13.59,15.01,18.24,19.03,16.85,NA,NA,NA,NA,NA,-1,-618.7398,0,0,0,0,0,2.3026,0
2021-09-09,2021,9,9,"12:00:00","Slater",24.27,14.36,18.75,27.88,27.75,28.44,15.2,12.73,13.59,19.67,18.24,19.03,NA,NA,NA,NA,NA,-1,-633.7588,0,0,0,0,0,2.3026,0
2021-09-10,2021,9,10,"12:00:00","Slater",20.41,14.96,17.72,24.27,27.88,27.75,14.36,15.2,12.73,18.75,19.67,18.24,NA,NA,NA,NA,NA,-1,-649.3575,0,0,0,0,0,2.3026,0
2021-09-11,2021,9,11,"12:00:00","Slater",25.55,12.36,18.7,20.41,24.27,27.88,14.96,14.36,15.2,17.72,18.75,19.67,NA,NA,NA,NA,NA,-1,-661.526,0,0,0,0,0,2.3026,0
2021-09-12,2021,9,12,"12:00:00","Slater",22.39,14.6,17.39,25.55,20.41,24.27,12.36,14.96,14.36,18.7,17.72,18.75,NA,NA,NA,NA,NA,-1,-677.0339,0,0,0,0,0,2.3026,0
2021-09-13,2021,9,13,"12:00:00","Slater",25.5,12.65,17.61,22.39,25.55,20.41,14.6,12.36,14.96,17.39,18.7,17.72,NA,NA,NA,NA,NA,-1,-686.935,0,0,0,0,0,2.3026,0
2021-09-14,2021,9,14,"12:00:00","Slater",16.96,11.1,13.9,25.5,22.39,25.55,12.65,14.6,12.36,17.61,17.39,18.7,NA,NA,NA,NA,NA,-0.5,-695.7212,0,0,0,0,0,2.3026,0
2021-09-15,2021,9,15,"12:00:00","Slater",14.07,9.44,12.41,16.96,25.5,22.39,11.1,12.65,14.6,13.9,17.61,17.39,NA,NA,NA,NA,NA,0.1947,-693.6749,0,0,0,0,0,2.3026,0
2021-09-16,2021,9,16,"12:00:00","Slater",20.1,5.46,11.38,14.07,16.96,25.5,9.44,11.1,12.65,12.41,13.9,17.61,NA,NA,NA,NA,NA,0.0457,-680.8131,0,0,0,0,0,2.3026,0
2021-09-17,2021,9,17,"12:00:00","Slater",17.7,10.66,14.46,20.1,14.07,16.96,5.46,9.44,11.1,11.38,12.41,13.9,NA,NA,NA,NA,NA,-0.5,-680.6955,0,0,0,0,0,2.3026,0
2021-09-18,2021,9,18,"12:00:00","Slater",19.25,9.95,13.26,17.7,20.1,14.07,10.66,5.46,9.44,14.46,11.38,12.41,NA,NA,NA,NA,NA,0.0058,-678.9726,0,0,0,0,0,2.3026,0
2021-09-19,2021,9,19,"12:00:00","Slater",19.79,8.82,12.95,19.25,17.7,20.1,9.95,10.66,5.46,13.26,14.46,11.38,NA,NA,NA,NA,NA,0.0217,-675.496,0,0,0,0,0,2.3026,0
2021-09-20,2021,9,20,"12:00:00","Slater",23.02,9.78,14.58,19.79,19.25,17.7,8.82,9.95,10.66,12.95,13.26,14.46,NA,NA,NA,NA,NA,-1,-675.9159,0,0,0,0,0,2.3026,0
2021-09-21,2021,9,21,"12:00:00","Slater",22.54,7.44,14.36,23.02,19.79,19.25,9.78,8.82,9.95,14.58,12.95,13.26,NA,NA,NA,NA,NA,-1,-675.6829,0,0,0,0,0,2.3026,0
2021-09-22,2021,9,22,"12:00:00","Slater",20.72,12.92,15.44,22.54,23.02,19.79,7.44,9.78,8.82,14.36,14.58,12.95,NA,NA,NA,NA,NA,-0.5,-683.056,0,0,0,0,0,2.3026,0
2021-09-23,2021,9,23,"12:00:00","Slater",23.28,10.71,15.72,20.72,22.54,23.02,12.92,7.44,9.78,15.44,14.36,14.58,NA,NA,NA,NA,NA,-0.5,-686.2298,0,0,0,0,0,2.3026,0
2021-09-24,2021,9,24,"12:00:00","Slater",22.9,9.53,14.9,23.28,20.72,22.54,10.71,12.92,7.44,15.72,15.44,14.36,NA,NA,NA,NA,NA,-3e-04,-689.5629,0,0,0,0,0,2.3026,0
2021-09-25,2021,9,25,"12:00:00","Slater",27.01,11.13,17.67,22.9,23.28,20.72,9.53,10.71,12.92,14.9,15.72,15.44,NA,NA,NA,NA,NA,-1,-697.1506,0,0,0,0,0,2.3026,0
2021-09-26,2021,9,26,"12:00:00","Slater",21.37,13.4,17.54,27.01,22.9,23.28,11.13,9.53,10.71,17.67,14.9,15.72,NA,NA,NA,NA,NA,-1,-713.6329,0,0,0,0,0,2.3026,0
2021-09-27,2021,9,27,"12:00:00","Slater",18.53,11.15,14.77,21.37,27.01,22.9,13.4,11.13,9.53,17.54,17.67,14.9,NA,NA,NA,NA,NA,-0.5,-721.5303,0,0,0,0,0,2.3026,0
2021-09-28,2021,9,28,"12:00:00","Slater",16.75,7.97,11.99,18.53,21.37,27.01,11.15,13.4,11.13,14.77,17.54,17.67,NA,NA,NA,NA,NA,0.0849,-717.7739,7.268,0,7.268,0,0,2.3026,0
2021-09-29,2021,9,29,"12:00:00","Slater",15.72,7.12,11.88,16.75,18.53,21.37,7.97,11.15,13.4,11.99,14.77,17.54,NA,NA,NA,NA,NA,0.0708,-708.8739,16.1679,0,16.1679,0,0,2.3026,0
2021-09-30,2021,9,30,"12:00:00","Slater",16.8,7.72,12.78,15.72,16.75,18.53,7.12,7.97,11.15,11.88,11.99,14.77,NA,NA,NA,NA,NA,-0.5,-709.671,15.3708,0,15.3708,0,0,2.3026,0
2021-10-01,2021,10,1,"12:00:00","Slater",16.63,4.58,8.85,16.8,15.72,16.75,7.72,7.12,7.97,12.78,11.88,11.99,NA,NA,NA,NA,NA,0.5467,-692.398,32.6438,0,32.6438,0,0,2.3026,0
2021-10-02,2021,10,2,"12:00:00","Slater",15.32,6.15,10.64,16.63,16.8,15.72,4.58,7.72,7.12,8.85,12.78,11.88,NA,NA,NA,NA,NA,0.2848,-677.0708,47.971,0,47.971,0,0,2.3026,0
2021-10-03,2021,10,3,"12:00:00","Slater",20.06,10.59,14.21,15.32,16.63,16.8,6.15,4.58,7.72,10.64,8.85,12.78,NA,NA,NA,NA,NA,-0.5,-673.4664,51.5754,0,51.5754,0,0,2.3026,0
2021-10-04,2021,10,4,"12:00:00","Slater",18.94,8.79,12.78,20.06,15.32,16.63,10.59,6.15,4.58,14.21,10.64,8.85,NA,NA,NA,NA,NA,0.1318,-672.5567,52.4852,0,52.4852,0,0,2.3026,0
2021-10-05,2021,10,5,"12:00:00","Slater",18.79,10.35,13.47,18.94,20.06,15.32,8.79,10.59,6.15,12.78,14.21,10.64,NA,NA,NA,NA,NA,-1,-674.4774,50.5645,0,50.5645,0,0,2.3026,0
2021-10-06,2021,10,6,"12:00:00","Slater",14.72,6.71,10.49,18.79,18.94,20.06,10.35,8.79,10.59,13.47,12.78,14.21,NA,NA,NA,NA,NA,0.2389,-666.2689,58.7729,0,58.7729,0,0,2.3026,0
2021-10-07,2021,10,7,"12:00:00","Slater",13.81,5.28,8.76,14.72,18.79,18.94,6.71,10.35,8.79,10.49,13.47,12.78,NA,NA,NA,NA,NA,0.5241,-651.4859,73.5559,0,73.5559,0,0,2.3026,0
2021-10-08,2021,10,8,"12:00:00","Slater",13.45,2.42,6.31,13.81,14.72,18.79,5.28,6.71,10.35,8.76,10.49,13.47,NA,NA,NA,NA,NA,0.8814,-632.3396,92.7023,0,92.7023,0,0,2.3026,0
2021-10-09,2021,10,9,"12:00:00","Slater",13.98,4.01,9.11,13.45,13.81,14.72,2.42,5.28,6.71,6.31,8.76,10.49,NA,NA,NA,NA,NA,0.3131,-612.3422,112.6997,0,112.6997,0,0,2.3026,0
2021-10-10,2021,10,10,"12:00:00","Slater",13.76,3.38,7.75,13.98,13.45,13.81,4.01,2.42,5.28,9.11,6.31,8.76,NA,NA,NA,NA,NA,0.9865,-604.1119,120.9299,0,120.9299,0,0,2.3026,0
2021-10-11,2021,10,11,"12:00:00","Slater",11.9,1.29,5.06,13.76,13.98,13.45,3.38,4.01,2.42,7.75,9.11,6.31,NA,NA,NA,NA,NA,0.9248,-580.2131,144.8287,0,144.8287,0,0,2.3026,0
2021-10-12,2021,10,12,"12:00:00","Slater",9.24,-0.79,4.49,11.9,13.76,13.98,1.29,3.38,4.01,5.06,7.75,9.11,NA,NA,NA,NA,NA,0.9902,-558.439,166.6028,0,166.6028,0,0,2.3026,0
2021-10-13,2021,10,13,"12:00:00","Slater",9.19,2.9,5.1,9.24,11.9,13.76,-0.79,1.29,3.38,4.49,5.06,7.75,NA,NA,NA,NA,NA,0.9534,-535.745,189.2969,0,189.2969,0,0,2.3026,0
2021-10-14,2021,10,14,"12:00:00","Slater",11.15,1.72,6.6,9.19,9.24,11.9,2.9,-0.79,1.29,5.1,4.49,5.06,NA,NA,NA,NA,NA,0.7593,-512.8319,212.2099,0,212.2099,0,0,2.3026,0
2021-10-15,2021,10,15,"12:00:00","Slater",13.28,7.87,10.29,11.15,9.19,9.24,1.72,2.9,-0.79,6.6,5.1,4.49,NA,NA,NA,NA,NA,0.3859,-496.2084,228.8334,0,228.8334,0,0,2.3026,0
2021-10-16,2021,10,16,"12:00:00","Slater",18.1,8.92,12.93,13.28,11.15,9.19,7.87,1.72,2.9,10.29,6.6,5.1,NA,NA,NA,NA,NA,-0.0191,-486.8043,238.2375,0,238.2375,0,0,2.3026,0
2021-10-17,2021,10,17,"12:00:00","Slater",14.38,8.07,10.52,18.1,13.28,11.15,8.92,7.87,1.72,12.93,10.29,6.6,NA,NA,NA,NA,NA,0.3024,-482.0943,242.9476,0,242.9476,0,0,2.3026,0
2021-10-18,2021,10,18,"12:00:00","Slater",14.19,7.02,10.09,14.38,18.1,13.28,8.07,8.92,7.87,10.52,12.93,10.29,NA,NA,NA,NA,NA,0.4572,-467.2416,257.8002,0,257.8002,0,0,2.3026,0
2021-10-19,2021,10,19,"12:00:00","Slater",11.83,5.72,7.9,14.19,14.38,18.1,7.02,8.07,8.92,10.09,10.52,12.93,NA,NA,NA,NA,NA,0.8269,-451.5206,273.5212,0,273.5212,0,0,2.3026,0
2021-10-20,2021,10,20,"12:00:00","Slater",13.16,5.97,9.32,11.83,14.19,14.38,5.72,7.02,8.07,7.9,10.09,10.52,NA,NA,NA,NA,NA,0.1837,-431.9798,293.062,0,293.062,0,0,2.3026,0
2021-10-21,2021,10,21,"12:00:00","Slater",10.74,5.72,8.4,13.16,11.83,14.19,5.97,5.72,7.02,9.32,7.9,10.09,NA,NA,NA,NA,NA,0.5104,-416.3674,308.6745,0,308.6745,0,0,2.3026,0
2021-10-22,2021,10,22,"12:00:00","Slater",10.25,7.87,8.98,10.74,13.16,11.83,5.72,5.97,5.72,8.4,9.32,7.9,NA,NA,NA,NA,NA,0.7161,-398.8393,326.2025,0,326.2025,0,0,2.3026,0
2021-10-23,2021,10,23,"12:00:00","Slater",11.73,6.18,8.89,10.25,10.74,13.16,7.87,5.72,5.97,8.98,8.4,9.32,NA,NA,NA,NA,NA,0.5836,-379.7201,345.3218,0,345.3218,0,0,2.3026,0
2021-10-24,2021,10,24,"12:00:00","Slater",10.91,7.64,8.75,11.73,10.25,10.74,6.18,7.87,5.72,8.89,8.98,8.4,NA,NA,NA,NA,NA,0.5285,-363.6241,361.4177,0,361.4177,0,0,2.3026,0
2021-10-25,2021,10,25,"12:00:00","Slater",12.48,6.43,9.32,10.91,11.73,10.25,7.64,6.18,7.87,8.75,8.89,8.98,"Sweetheart",-7.89,-9.64,-5.61,"DTA",0.4358,-344.2713,380.7706,0,380.7706,0,0,2.3026,0
2021-10-26,2021,10,26,"12:00:00","Slater",12.56,6.76,9.6,12.48,10.91,11.73,6.43,7.64,6.18,9.32,8.75,8.89,NA,NA,NA,NA,NA,0.2814,-331.0438,393.9981,0,393.9981,0,0,2.3026,0
2021-10-27,2021,10,27,"12:00:00","Slater",12.53,4.87,8.61,12.56,12.48,10.91,6.76,6.43,7.64,9.6,9.32,8.75,NA,NA,NA,NA,NA,0.5104,-313.1997,411.8421,0,411.8421,0,0,2.3026,0
2021-10-28,2021,10,28,"12:00:00","Slater",8.37,4.04,5.69,12.53,12.56,12.48,4.87,6.76,6.43,8.61,9.6,9.32,NA,NA,NA,NA,NA,1,-295.4187,429.6232,0,429.6232,0,0,2.3026,0
2021-10-29,2021,10,29,"12:00:00","Slater",8.1,3.33,6.31,8.37,12.53,12.56,4.04,4.87,6.76,5.69,8.61,9.6,NA,NA,NA,NA,NA,0.9461,-271.6213,453.4205,0,453.4205,0,0,2.3026,0
2021-10-30,2021,10,30,"12:00:00","Slater",5.38,-0.37,2.45,8.1,8.37,12.53,3.33,4.04,4.87,6.31,5.69,8.61,NA,NA,NA,NA,NA,1,-248.0718,476.9701,0,476.9701,0,0,2.3026,0
2021-10-31,2021,10,31,"12:00:00","Slater",3.67,0.44,1.71,5.38,8.1,8.37,-0.37,3.33,4.04,2.45,6.31,5.69,NA,NA,NA,NA,NA,1,-224.0724,500.9694,0,500.9694,0,0,2.3026,0
2021-11-01,2021,11,1,"12:00:00","Slater",3.59,-0.93,1.69,3.67,5.38,8.1,0.44,-0.37,3.33,1.71,2.45,6.31,NA,NA,NA,NA,NA,1,-200.0724,524.9694,0,524.9694,0,0,2.3026,0
2021-11-02,2021,11,2,"12:00:00","Slater",6.38,1.89,4.44,3.59,3.67,5.38,-0.93,0.44,-0.37,1.69,1.71,2.45,NA,NA,NA,NA,NA,0.9968,-176.0761,548.9657,0,548.9657,0,0,2.3026,0
2021-11-03,2021,11,3,"12:00:00","Slater",6.96,5.28,6.35,6.38,3.59,3.67,1.89,-0.93,0.44,4.44,1.69,1.71,"Sweetheart",-10.07,-11.64,-7.84,"DTA",0.9917,-152.149,572.8928,0,572.8928,0,0,2.3026,0
2021-11-04,2021,11,4,"12:00:00","Slater",11.27,6.74,8.39,6.96,6.38,3.59,5.28,1.89,-0.93,6.35,4.44,1.69,NA,NA,NA,NA,NA,0.8555,-128.9192,596.1226,0,596.1226,0,0,2.3026,0
2021-11-05,2021,11,5,"12:00:00","Slater",10.03,2.64,6.4,11.27,6.96,6.38,6.74,5.28,1.89,8.39,6.35,4.44,NA,NA,NA,NA,NA,0.7465,-110.0023,615.0395,0,615.0395,0,0,2.3026,0
2021-11-06,2021,11,6,"12:00:00","Slater",7.72,1.78,4.3,10.03,11.27,6.96,2.64,6.74,5.28,6.4,8.39,6.35,NA,NA,NA,NA,NA,1,-87.1907,637.8511,0,637.8511,0,0,2.3026,0
2021-11-07,2021,11,7,"12:00:00","Slater",7.44,0.99,4.34,7.72,10.03,11.27,1.78,2.64,6.74,4.3,6.4,8.39,NA,NA,NA,NA,NA,0.9939,-63.3106,661.7312,0,661.7312,0,0,2.3026,0
2021-11-08,2021,11,8,"12:00:00","Slater",7.39,-0.12,4.02,7.44,7.72,10.03,0.99,1.78,2.64,4.34,4.3,6.4,NA,NA,NA,NA,NA,0.9922,-39.4946,685.5473,0,685.5473,0,0,2.3026,0
2021-11-09,2021,11,9,"12:00:00","Slater",6.89,4.09,5.03,7.39,7.44,7.72,-0.12,0.99,1.78,4.02,4.34,4.3,NA,NA,NA,NA,NA,0.9999,-15.669,709.3728,0,709.3728,0,0,2.3026,0
2021-11-10,2021,11,10,"12:00:00","Slater",7.44,0.96,3.27,6.89,7.39,7.44,4.09,-0.12,0.99,5.03,4.02,4.34,"Sweetheart",-10.82,-14.33,-7.26,"DTA",0.9986,8.3155,733.3574,0,733.3574,0,0,2.3026,0
2021-11-11,2021,11,11,"12:00:00","Slater",6.18,2.18,4.11,7.44,6.89,7.39,0.96,4.09,-0.12,3.27,5.03,4.02,NA,NA,NA,NA,NA,0.9968,32.2061,757.248,0,757.248,0,0,2.3026,0
2021-11-12,2021,11,12,"12:00:00","Slater",8.3,3.17,6.55,6.18,7.44,6.89,2.18,0.96,4.09,4.11,3.27,5.03,NA,NA,NA,NA,NA,0.9018,55.7753,780.8171,0,780.8171,0,0,2.3026,0
2021-11-13,2021,11,13,"12:00:00","Slater",7.72,3.38,5.37,8.3,6.18,7.44,3.17,2.18,0.96,6.55,4.11,3.27,NA,NA,NA,NA,NA,0.9659,79.255,804.2968,0,804.2968,0,0,2.3026,0
2021-11-14,2021,11,14,"12:00:00","Slater",8.42,3.7,6.02,7.72,8.3,6.18,3.38,3.17,2.18,5.37,6.55,4.11,NA,NA,NA,NA,NA,0.9461,102.7973,827.8392,0,827.8392,0,0,2.3026,0
2021-11-15,2021,11,15,"12:00:00","Slater",14.67,5.2,8.3,8.42,7.72,8.3,3.7,3.38,3.17,6.02,5.37,6.55,NA,NA,NA,NA,NA,0.1578,124.5705,849.6124,0,849.6124,0,0,2.3026,0
2021-11-16,2021,11,16,"12:00:00","Slater",4.45,-0.76,1.68,14.67,8.42,7.72,5.2,3.7,3.38,8.3,6.02,5.37,NA,NA,NA,NA,NA,1,144.0937,869.1356,0,869.1356,0,0,2.3026,0
2021-11-17,2021,11,17,"12:00:00","Slater",0.74,-3.36,-1.07,4.45,14.67,8.42,-0.76,5.2,3.7,1.68,8.3,6.02,NA,NA,NA,NA,NA,1,161.0937,886.1356,0,886.1356,0,0,2.3026,0
2021-11-18,2021,11,18,"12:00:00","Slater",1.32,-0.7,0.16,0.74,4.45,14.67,-3.36,-0.76,5.2,-1.07,1.68,8.3,NA,NA,NA,NA,NA,1,185.0937,910.1356,0,910.1356,0,0,2.3026,0
2021-11-19,2021,11,19,"12:00:00","Slater",2.53,-1.01,0.79,1.32,0.74,4.45,-0.7,-3.36,-0.76,0.16,-1.07,1.68,NA,NA,NA,NA,NA,1,209.0937,934.1356,0,934.1356,0,0,2.3026,0
2021-11-20,2021,11,20,"12:00:00","Slater",2.21,-3.01,-0.41,2.53,1.32,0.74,-1.01,-0.7,-3.36,0.79,0.16,-1.07,NA,NA,NA,NA,NA,1,228.0937,953.1356,0,953.1356,0,0,2.3026,0
2021-11-21,2021,11,21,"12:00:00","Slater",3.38,0.69,1.85,2.21,2.53,1.32,-3.01,-1.01,-0.7,-0.41,0.79,0.16,NA,NA,NA,NA,NA,1,252.0937,977.1356,0,977.1356,0,0,2.3026,0
2021-11-22,2021,11,22,"12:00:00","Slater",5.64,0.77,2.78,3.38,2.21,2.53,0.69,-3.01,-1.01,1.85,-0.41,0.79,NA,NA,NA,NA,NA,1,276.0936,1001.1354,0,1001.1354,0,0,2.3026,0
2021-11-23,2021,11,23,"12:00:00","Slater",1.91,-0.62,0.67,5.64,3.38,2.21,0.77,0.69,-3.01,2.78,1.85,-0.41,NA,NA,NA,NA,NA,1,300.0923,1025.1341,0,1025.1341,0,0,2.3026,0
2021-11-24,2021,11,24,"12:00:00","Slater",2.1,-2.02,-0.02,1.91,5.64,3.38,-0.62,0.77,0.69,0.67,2.78,1.85,NA,NA,NA,NA,NA,1,323.0923,1048.1341,0,1048.1341,0,0,2.3026,0
2021-11-25,2021,11,25,"12:00:00","Slater",6.56,2.18,4.6,2.1,1.91,5.64,-2.02,-0.62,0.77,-0.02,0.67,2.78,NA,NA,NA,NA,NA,0.9985,347.0904,1072.1323,0,1072.1323,0,0,2.3026,0
2021-11-26,2021,11,26,"12:00:00","Slater",6.58,2.45,4.19,6.56,2.1,1.91,2.18,-2.02,-0.62,4.6,-0.02,0.67,NA,NA,NA,NA,NA,0.9989,371.0511,1096.093,0,1096.093,0,0,2.3026,0
2021-11-27,2021,11,27,"12:00:00","Slater",3.88,1.24,2.67,6.58,6.56,2.1,2.45,2.18,-2.02,4.19,4.6,-0.02,NA,NA,NA,NA,NA,1,395.029,1119,1,1120.0709,0,0,2.3026,1
2021-11-28,2021,11,28,"12:00:00","Slater",9.24,3.51,6.3,3.88,6.58,6.56,1.24,2.45,2.18,2.67,4.19,4.6,NA,NA,NA,NA,NA,0.9498,418.9435,1119,1,1143.9853,0.0946,0.2543,2.3277,1
2021-11-29,2021,11,29,"12:00:00","Slater",9.09,4.32,6.76,9.24,3.88,6.58,3.51,1.24,2.45,6.3,2.67,4.19,NA,NA,NA,NA,NA,0.9584,441.2509,1119,1,1166.2928,0.0927,1.8766,2.4746,1
2021-11-30,2021,11,30,"12:00:00","Slater",11.56,7.14,8.95,9.09,9.24,3.88,4.32,3.51,1.24,6.76,6.3,2.67,"Sweetheart",-13.72,-15.5,-10.63,"DTA",0.9517,462.7687,1119,1,1187.8106,0.0942,3.989,2.6383,1
2021-12-01,2021,12,1,"12:00:00","Slater",19.08,9.53,13.66,11.56,9.09,9.24,7.14,4.32,3.51,8.95,6.76,6.3,NA,NA,NA,NA,NA,-0.5,472.3118,1119,1,1197.3536,0.4469,7.8863,2.884,1
2021-12-02,2021,12,2,"12:00:00","Slater",11.95,3.7,8.14,19.08,11.56,9.09,9.53,7.14,4.32,13.66,8.95,6.76,NA,NA,NA,NA,NA,0.8343,477.8935,1119,1,1202.9353,0.1123,13.6138,3.1618,1
2021-12-03,2021,12,3,"12:00:00","Slater",3.3,0.08,1.67,11.95,19.08,11.56,3.7,9.53,7.14,8.14,13.66,8.95,NA,NA,NA,NA,NA,1,500.8333,1119,1,1225.8751,0,15.4541,3.2369,1
2021-12-04,2021,12,4,"12:00:00","Slater",1.21,-1.84,0.01,3.3,11.95,19.08,0.08,3.7,9.53,1.67,8.14,13.66,NA,NA,NA,NA,NA,1,524.8333,1119,1,1249.8751,0,15.4541,3.2369,1
2021-12-05,2021,12,5,"12:00:00","Slater",0.08,-4.08,-2.07,1.21,3.3,11.95,-1.84,0.08,3.7,0.01,1.67,8.14,NA,NA,NA,NA,NA,1,543.8333,1119,1,1268.8751,0,15.4541,3.2369,1
2021-12-06,2021,12,6,"12:00:00","Slater",-1.87,-4.53,-3.27,0.08,1.21,3.3,-4.08,-1.84,0.08,-2.07,0.01,1.67,NA,NA,NA,NA,NA,0,547.8333,1119,1,1272.8751,0,15.4541,3.2369,1
2021-12-07,2021,12,7,"12:00:00","Slater",0.85,-3.12,-1.43,-1.87,0.08,1.21,-4.53,-4.08,-1.84,-3.27,-2.07,0.01,NA,NA,NA,NA,NA,1,552.8333,1119,1,1277.8751,0,15.4541,3.2369,1
2021-12-08,2021,12,8,"12:00:00","Slater",1.29,-2.02,-0.39,0.85,-1.87,0.08,-3.12,-4.53,-4.08,-1.43,-3.27,-2.07,NA,NA,NA,NA,NA,1,576.8333,1119,1,1301.8751,0,15.4541,3.2369,1
2021-12-09,2021,12,9,"12:00:00","Slater",1.26,-4.65,-2.15,1.29,0.85,-1.87,-2.02,-3.12,-4.53,-0.39,-1.43,-3.27,NA,NA,NA,NA,NA,1,591.8333,1119,1,1316.8751,0,15.4541,3.2369,1
2021-12-10,2021,12,10,"12:00:00","Slater",2.02,-5.88,-2.88,1.26,1.29,0.85,-4.65,-2.02,-3.12,-2.15,-0.39,-1.43,NA,NA,NA,NA,NA,1,598.8333,1119,1,1323.8751,0,15.4541,3.2369,1
2021-12-11,2021,12,11,"12:00:00","Slater",5.92,1.15,3.73,2.02,1.26,1.29,-5.88,-4.65,-2.02,-2.88,-2.15,-0.39,NA,NA,NA,NA,NA,0.9984,621.8314,1119,1,1346.8733,0.0726,15.5922,3.2423,1
2021-12-12,2021,12,12,"12:00:00","Slater",3.19,-1.64,0.54,5.92,2.02,1.26,1.15,-5.88,-4.65,3.73,-2.88,-2.15,NA,NA,NA,NA,NA,1,645.8269,1119,1,1370.8687,0,15.8073,3.2507,1
2021-12-13,2021,12,13,"12:00:00","Slater",2.45,0.16,1.41,3.19,5.92,2.02,-1.64,1.15,-5.88,0.54,3.73,-2.88,NA,NA,NA,NA,NA,1,669.8269,1119,1,1394.8687,0,15.8073,3.2507,1
2021-12-14,2021,12,14,"12:00:00","Slater",0.77,-3.9,-0.5,2.45,3.19,5.92,0.16,-1.64,1.15,1.41,0.54,3.73,NA,NA,NA,NA,NA,1,693.8269,1119,1,1418.8687,0,15.8073,3.2507,1
2021-12-15,2021,12,15,"12:00:00","Slater",-0.14,-3.45,-1.77,0.77,2.45,3.19,-3.9,0.16,-1.64,-0.5,1.41,0.54,NA,NA,NA,NA,NA,1,701.8269,1119,1,1426.8687,0,15.8073,3.2507,1
2021-12-16,2021,12,16,"12:00:00","Slater",0.11,-4.26,-1.32,-0.14,0.77,2.45,-3.45,-3.9,0.16,-1.77,-0.5,1.41,NA,NA,NA,NA,NA,1,724.8269,1119,1,1449.8687,0,15.8073,3.2507,1
2021-12-17,2021,12,17,"12:00:00","Slater",-4.29,-10.16,-7.51,0.11,-0.14,0.77,-4.26,-3.45,-3.9,-1.32,-1.77,-0.5,NA,NA,NA,NA,NA,0,731.8269,1119,1,1456.8687,0,15.8073,3.2507,1
2021-12-18,2021,12,18,"12:00:00","Slater",-1.33,-7.06,-4,-4.29,0.11,-0.14,-10.16,-4.26,-3.45,-7.51,-1.32,-1.77,NA,NA,NA,NA,NA,1,733.8269,1119,1,1458.8687,0,15.8073,3.2507,1
2021-12-19,2021,12,19,"12:00:00","Slater",-0.54,-6.71,-3.35,-1.33,-4.29,0.11,-7.06,-10.16,-4.26,-4,-7.51,-1.32,NA,NA,NA,NA,NA,1,739.8269,1119,1,1464.8687,0,15.8073,3.2507,1
2021-12-20,2021,12,20,"12:00:00","Slater",-3.81,-8.76,-5.97,-0.54,-1.33,-4.29,-6.71,-7.06,-10.16,-3.35,-4,-7.51,NA,NA,NA,NA,NA,0,742.8269,1119,1,1467.8687,0,15.8073,3.2507,1
2021-12-21,2021,12,21,"12:00:00","Slater",-5.95,-11.72,-8.48,-3.81,-0.54,-1.33,-8.76,-6.71,-7.06,-5.97,-3.35,-4,"Sweetheart",-19.11,-21.07,-16.73,"DTA",0,742.8269,1119,1,1467.8687,0,15.8073,3.2507,1
2021-12-22,2021,12,22,"12:00:00","Slater",0.52,-5.7,-2.26,-5.95,-3.81,-0.54,-11.72,-8.76,-6.71,-8.48,-5.97,-3.35,NA,NA,NA,NA,NA,0,742.8269,1119,1,1467.8687,0,15.8073,3.2507,1
2021-12-23,2021,12,23,"12:00:00","Slater",2.96,-2.02,0.83,0.52,-5.95,-3.81,-5.7,-11.72,-8.76,-2.26,-8.48,-5.97,NA,NA,NA,NA,NA,1,766.8269,1119,1,1491.8687,0,15.8073,3.2507,1
2021-12-24,2021,12,24,"12:00:00","Slater",-1.96,-5.51,-3.03,2.96,0.52,-5.95,-2.02,-5.7,-11.72,0.83,-2.26,-8.48,NA,NA,NA,NA,NA,1,777.8269,1119,1,1502.8687,0,15.8073,3.2507,1
2021-12-25,2021,12,25,"12:00:00","Slater",-6.2,-12.9,-9.29,-1.96,2.96,0.52,-5.51,-2.02,-5.7,-3.03,0.83,-2.26,NA,NA,NA,NA,NA,0,777.8269,1119,1,1502.8687,0,15.8073,3.2507,1
2021-12-26,2021,12,26,"12:00:00","Slater",-13.31,-18.92,-16.25,-6.2,-1.96,2.96,-12.9,-5.51,-2.02,-9.29,-3.03,0.83,NA,NA,NA,NA,NA,0,777.8269,1119,1,1502.8687,0,15.8073,3.2507,1
2021-12-27,2021,12,27,"12:00:00","Slater",-17.99,-20.88,-19.45,-13.31,-6.2,-1.96,-18.92,-12.9,-5.51,-16.25,-9.29,-3.03,NA,NA,NA,NA,NA,0,777.8269,1119,1,1502.8687,0,15.8073,3.2507,1
2021-12-28,2021,12,28,"12:00:00","Slater",-13.77,-17.86,-16.21,-17.99,-13.31,-6.2,-20.88,-18.92,-12.9,-19.45,-16.25,-9.29,NA,NA,NA,NA,NA,0,777.8269,1119,1,1502.8687,0,15.8073,3.2507,1
2021-12-29,2021,12,29,"12:00:00","Slater",-13.16,-15.35,-14.28,-13.77,-17.99,-13.31,-17.86,-20.88,-18.92,-16.21,-19.45,-16.25,NA,NA,NA,NA,NA,0,777.8269,1119,1,1502.8687,0,15.8073,3.2507,1
2021-12-30,2021,12,30,"12:00:00","Slater",-9.75,-13.66,-11.76,-13.16,-13.77,-17.99,-15.35,-17.86,-20.88,-14.28,-16.21,-19.45,NA,NA,NA,NA,NA,0,777.8269,1119,1,1502.8687,0,15.8073,3.2507,1
2021-12-31,2021,12,31,"12:00:00","Slater",-10.3,-14.35,-12.24,-9.75,-13.16,-13.77,-13.66,-15.35,-17.86,-11.76,-14.28,-16.21,NA,NA,NA,NA,NA,0,777.8269,1119,1,1502.8687,0,15.8073,3.2507,1
2022-01-01,2022,1,1,"12:00:00","Slater",-9.13,-14.24,-11.73,-10.3,-9.75,-13.16,-14.35,-13.66,-15.35,-12.24,-11.76,-14.28,NA,NA,NA,NA,NA,0,777.8269,1119,1,1502.8687,0,15.8073,3.2507,1
2022-01-02,2022,1,2,"12:00:00","Slater",-4.59,-10.62,-7.53,-9.13,-10.3,-9.75,-14.24,-14.35,-13.66,-11.73,-12.24,-11.76,NA,NA,NA,NA,NA,0,777.8269,1119,1,1502.8687,0,15.8073,3.2507,1
2022-01-03,2022,1,3,"12:00:00","Slater",0.19,-5.54,-2.63,-4.59,-9.13,-10.3,-10.62,-14.24,-14.35,-7.53,-11.73,-12.24,NA,NA,NA,NA,NA,1,780.8269,1119,1,1505.8687,0,15.8073,3.2507,1
2022-01-04,2022,1,4,"12:00:00","Slater",-2.31,-6.96,-4.88,0.19,-4.59,-9.13,-5.54,-10.62,-14.24,-2.63,-7.53,-11.73,"Sweetheart",-17.94,-20.05,-14.7,"DTA",0,786.8269,1119,1,1511.8687,0,15.8073,3.2507,1
2022-01-05,2022,1,5,"12:00:00","Slater",-6.23,-11.51,-9.2,-2.31,0.19,-4.59,-6.96,-5.54,-10.62,-4.88,-2.63,-7.53,NA,NA,NA,NA,NA,0,786.8269,1119,1,1511.8687,0,15.8073,3.2507,1
2022-01-06,2022,1,6,"12:00:00","Slater",-4.74,-12.34,-9.57,-6.23,-2.31,0.19,-11.51,-6.96,-5.54,-9.2,-4.88,-2.63,NA,NA,NA,NA,NA,0,786.8269,1119,1,1511.8687,0,15.8073,3.2507,1
2022-01-07,2022,1,7,"12:00:00","Slater",1.97,-4.41,-1.29,-4.74,-6.23,-2.31,-12.34,-11.51,-6.96,-9.57,-9.2,-4.88,NA,NA,NA,NA,NA,1,789.8269,1119,1,1514.8687,0,15.8073,3.2507,1
2022-01-08,2022,1,8,"12:00:00","Slater",-1.5,-5.98,-3.23,1.97,-4.74,-6.23,-4.41,-12.34,-11.51,-1.29,-9.57,-9.2,NA,NA,NA,NA,NA,0,802.8269,1119,1,1527.8687,0,15.8073,3.2507,1
2022-01-09,2022,1,9,"12:00:00","Slater",0.3,-5.11,-2.54,-1.5,1.97,-4.74,-5.98,-4.41,-12.34,-3.23,-1.29,-9.57,NA,NA,NA,NA,NA,1,805.8269,1119,1,1530.8687,0,15.8073,3.2507,1
2022-01-10,2022,1,10,"12:00:00","Slater",1.32,-6.39,-2.67,0.3,-1.5,1.97,-5.11,-5.98,-4.41,-2.54,-3.23,-1.29,NA,NA,NA,NA,NA,1,812.8269,1119,1,1537.8687,0,15.8073,3.2507,1
2022-01-11,2022,1,11,"12:00:00","Slater",2.24,-1.64,0.45,1.32,0.3,-1.5,-6.39,-5.11,-5.98,-2.67,-2.54,-3.23,NA,NA,NA,NA,NA,1,836.8269,1119,1,1561.8687,0,15.8073,3.2507,1
2022-01-12,2022,1,12,"12:00:00","Slater",2.4,0.99,1.71,2.24,1.32,0.3,-1.64,-6.39,-5.11,0.45,-2.67,-2.54,NA,NA,NA,NA,NA,1,860.8269,1119,1,1585.8687,0,15.8073,3.2507,1
2022-01-13,2022,1,13,"12:00:00","Slater",4.27,1.72,2.65,2.4,2.24,1.32,0.99,-1.64,-6.39,1.71,0.45,-2.67,NA,NA,NA,NA,NA,1,884.8269,1119,1,1609.8687,0,15.8073,3.2507,1
2022-01-14,2022,1,14,"12:00:00","Slater",2.37,0.99,1.54,4.27,2.4,2.24,1.72,0.99,-1.64,2.65,1.71,0.45,NA,NA,NA,NA,NA,1,908.8269,1119,1,1633.8687,0,15.8073,3.2507,1
2022-01-15,2022,1,15,"12:00:00","Slater",4.3,0.88,2.17,2.37,4.27,2.4,0.99,1.72,0.99,1.54,2.65,1.71,NA,NA,NA,NA,NA,1,932.8269,1119,1,1657.8687,0,15.8073,3.2507,1
2022-01-16,2022,1,16,"12:00:00","Slater",2.18,0.6,1.32,4.3,2.37,4.27,0.88,0.99,1.72,2.17,1.54,2.65,NA,NA,NA,NA,NA,1,956.8269,1119,1,1681.8687,0,15.8073,3.2507,1
2022-01-17,2022,1,17,"12:00:00","Slater",2.21,-1.36,0.42,2.18,4.3,2.37,0.6,0.88,0.99,1.32,2.17,1.54,"Sweetheart",-15.38,-18.31,-13.81,"DTA",1,980.8269,1119,1,1705.8687,0,15.8073,3.2507,1
2022-01-18,2022,1,18,"12:00:00","Slater",2.15,-2.04,0.12,2.21,2.18,4.3,-1.36,0.6,0.88,0.42,1.32,2.17,NA,NA,NA,NA,NA,1,1003.8269,1119,1,1728.8687,0,15.8073,3.2507,1
2022-01-19,2022,1,19,"12:00:00","Slater",1.61,-0.12,0.8,2.15,2.21,2.18,-2.04,-1.36,0.6,0.12,0.42,1.32,NA,NA,NA,NA,NA,1,1027.8269,1119,1,1752.8687,0,15.8073,3.2507,1
2022-01-20,2022,1,20,"12:00:00","Slater",3.41,-0.14,1.31,1.61,2.15,2.21,-0.12,-2.04,-1.36,0.8,0.12,0.42,NA,NA,NA,NA,NA,1,1051.8269,1119,1,1776.8687,0,15.8073,3.2507,1
2022-01-21,2022,1,21,"12:00:00","Slater",1.64,-2.83,0.01,3.41,1.61,2.15,-0.14,-0.12,-2.04,1.31,0.8,0.12,NA,NA,NA,NA,NA,1,1075.8269,1119,1,1800.8687,0,15.8073,3.2507,1
2022-01-22,2022,1,22,"12:00:00","Slater",-0.48,-3.93,-1.68,1.64,3.41,1.61,-2.83,-0.14,-0.12,0.01,1.31,0.8,NA,NA,NA,NA,NA,1,1089.8269,1119,1,1814.8687,0,15.8073,3.2507,1
2022-01-23,2022,1,23,"12:00:00","Slater",0.22,-3.69,-1.86,-0.48,1.64,3.41,-3.93,-2.83,-0.14,-1.68,0.01,1.31,NA,NA,NA,NA,NA,0,1103.8269,1119,1,1828.8687,0,15.8073,3.2507,1
2022-01-24,2022,1,24,"12:00:00","Slater",-0.37,-2.36,-1.48,0.22,-0.48,1.64,-3.69,-3.93,-2.83,-1.86,-1.68,0.01,NA,NA,NA,NA,NA,1,1121.8269,1119,1,1846.8687,0,15.8073,3.2507,1
2022-01-25,2022,1,25,"12:00:00","Slater",-1.93,-3.01,-2.46,-0.37,0.22,-0.48,-2.36,-3.69,-3.93,-1.48,-1.86,-1.68,NA,NA,NA,NA,NA,0,1131.8269,1119,1,1856.8687,0,15.8073,3.2507,1
2022-01-26,2022,1,26,"12:00:00","Slater",-1.3,-3.6,-2.31,-1.93,-0.37,0.22,-3.01,-2.36,-3.69,-2.46,-1.48,-1.86,NA,NA,NA,NA,NA,0,1132.8269,1119,1,1857.8687,0,15.8073,3.2507,1
2022-01-27,2022,1,27,"12:00:00","Slater",-1.84,-3.42,-2.79,-1.3,-1.93,-0.37,-3.6,-3.01,-2.36,-2.31,-2.46,-1.48,NA,NA,NA,NA,NA,0,1145.8269,1119,1,1870.8687,0,15.8073,3.2507,1
2022-01-28,2022,1,28,"12:00:00","Slater",0.36,-3.3,-1.9,-1.84,-1.3,-1.93,-3.42,-3.6,-3.01,-2.79,-2.31,-2.46,NA,NA,NA,NA,NA,1,1147.8269,1119,1,1872.8687,0,15.8073,3.2507,1
2022-01-29,2022,1,29,"12:00:00","Slater",0.08,-4.41,-2.59,0.36,-1.84,-1.3,-3.3,-3.42,-3.6,-1.9,-2.79,-2.31,NA,NA,NA,NA,NA,0,1158.8269,1119,1,1883.8687,0,15.8073,3.2507,1
2022-01-30,2022,1,30,"12:00:00","Slater",-1.01,-2.92,-2.07,0.08,0.36,-1.84,-4.41,-3.3,-3.42,-2.59,-1.9,-2.79,NA,NA,NA,NA,NA,1,1165.8269,1119,1,1890.8687,0,15.8073,3.2507,1
2022-01-31,2022,1,31,"12:00:00","Slater",2.05,-3.75,-0.91,-1.01,0.08,0.36,-2.92,-4.41,-3.3,-2.07,-2.59,-1.9,NA,NA,NA,NA,NA,1,1185.8269,1119,1,1910.8687,0,15.8073,3.2507,1
2022-02-01,2022,2,1,"12:00:00","Slater",1.21,-5.05,-2.47,2.05,-1.01,0.08,-3.75,-2.92,-4.41,-0.91,-2.07,-2.59,"Sweetheart",-14.91,-16.78,-12.93,"DTA",1,1194.8269,1119,1,1919.8687,0,15.8073,3.2507,1
2022-02-02,2022,2,2,"12:00:00","Slater",-4.86,-9.64,-6.4,1.21,2.05,-1.01,-5.05,-3.75,-2.92,-2.47,-0.91,-2.07,NA,NA,NA,NA,NA,0,1201.8269,1119,1,1926.8687,0,15.8073,3.2507,1
2022-02-03,2022,2,3,"12:00:00","Slater",-0.99,-7.97,-4.68,-4.86,1.21,2.05,-9.64,-5.05,-3.75,-6.4,-2.47,-0.91,NA,NA,NA,NA,NA,0,1201.8269,1119,1,1926.8687,0,15.8073,3.2507,1
2022-02-04,2022,2,4,"12:00:00","Slater",1.18,-5.02,-1.94,-0.99,-4.86,1.21,-7.97,-9.64,-5.05,-4.68,-6.4,-2.47,NA,NA,NA,NA,NA,1,1208.8269,1119,1,1933.8687,0,15.8073,3.2507,1
2022-02-05,2022,2,5,"12:00:00","Slater",1.97,-3.06,-1,1.18,-0.99,-4.86,-5.02,-7.97,-9.64,-1.94,-4.68,-6.4,NA,NA,NA,NA,NA,1,1226.8269,1119,1,1951.8687,0,15.8073,3.2507,1
2022-02-06,2022,2,6,"12:00:00","Slater",2.48,-3.21,-0.79,1.97,1.18,-0.99,-3.06,-5.02,-7.97,-1,-1.94,-4.68,NA,NA,NA,NA,NA,1,1246.8269,1119,1,1971.8687,0,15.8073,3.2507,1
2022-02-07,2022,2,7,"12:00:00","Slater",9.68,-1.44,3.19,2.48,1.97,1.18,-3.21,-3.06,-5.02,-0.79,-1,-1.94,NA,NA,NA,NA,NA,1,1269.8269,1119,1,1994.8687,0,15.8073,3.2507,1
2022-02-08,2022,2,8,"12:00:00","Slater",5.77,0.44,2.31,9.68,2.48,1.97,-1.44,-3.21,-3.06,3.19,-0.79,-1,NA,NA,NA,NA,NA,1,1292.8786,1119,1,2017.9205,0,16.7744,3.2874,1
2022-02-09,2022,2,9,"12:00:00","Slater",4.69,-0.03,1.72,5.77,9.68,2.48,0.44,-1.44,-3.21,2.31,3.19,-0.79,NA,NA,NA,NA,NA,1,1316.877,1119,1,2041.9188,0,16.9118,3.2926,1
2022-02-10,2022,2,10,"12:00:00","Slater",4.32,-1.19,1.67,4.69,5.77,9.68,-0.03,0.44,-1.44,1.72,2.31,3.19,NA,NA,NA,NA,NA,1,1340.8769,1119,1,2065.9188,0,16.9118,3.2926,1
2022-02-11,2022,2,11,"12:00:00","Slater",6.54,0.5,3.67,4.32,4.69,5.77,-1.19,-0.03,0.44,1.67,1.72,2.31,NA,NA,NA,NA,NA,1,1364.8744,1119,1,2089.9163,0,16.9118,3.2926,1
2022-02-12,2022,2,12,"12:00:00","Slater",2.26,-2.74,-0.51,6.54,4.32,4.69,0.5,-1.19,-0.03,3.67,1.67,1.72,NA,NA,NA,NA,NA,1,1384.8632,1119,1,2109.905,0,17.3306,3.308,1
2022-02-13,2022,2,13,"12:00:00","Slater",3.62,-4.14,-0.82,2.26,6.54,4.32,-2.74,0.5,-1.19,-0.51,3.67,1.67,NA,NA,NA,NA,NA,1,1399.8632,1119,1,2124.905,0,17.3306,3.308,1
2022-02-14,2022,2,14,"12:00:00","Slater",1.75,-1.04,0.25,3.62,2.26,6.54,-4.14,-2.74,0.5,-0.82,-0.51,3.67,"Sweetheart",-13.27,-15.36,-10.73,"DTA",1,1423.8632,1119,1,2148.905,0,17.3306,3.308,1
2022-02-15,2022,2,15,"12:00:00","Slater",6.48,-0.62,2.36,1.75,3.62,2.26,-1.04,-4.14,-2.74,0.25,-0.82,-0.51,NA,NA,NA,NA,NA,1,1447.8632,1119,1,2172.905,0,17.3306,3.308,1
2022-02-16,2022,2,16,"12:00:00","Slater",7.34,-0.7,5.13,6.48,1.75,3.62,-0.62,-1.04,-4.14,2.36,0.25,-0.82,NA,NA,NA,NA,NA,0.9871,1471.8086,1119,1,2196.8505,0.0831,17.8711,3.3276,1
2022-02-17,2022,2,17,"12:00:00","Slater",5.67,0.05,2.68,7.34,6.48,1.75,-0.7,-0.62,-1.04,5.13,2.36,0.25,NA,NA,NA,NA,NA,1,1495.6811,1119,1,2220.7229,0,18.8879,3.3634,1
2022-02-18,2022,2,18,"12:00:00","Slater",8.64,-0.06,3.36,5.67,7.34,6.48,0.05,-0.7,-0.62,2.68,5.13,2.36,NA,NA,NA,NA,NA,0.985,1519.6643,1119,1,2244.7061,0.0842,19.3043,3.3777,1
2022-02-19,2022,2,19,"12:00:00","Slater",8.44,1.45,4.41,8.64,5.67,7.34,-0.06,0.05,-0.7,3.36,2.68,5.13,NA,NA,NA,NA,NA,1,1543.1837,1119,1,2268.2255,0,19.8694,3.3968,1
2022-02-20,2022,2,20,"12:00:00","Slater",6.26,0.6,3.21,8.44,8.64,5.67,1.45,-0.06,0.05,4.41,3.36,2.68,NA,NA,NA,NA,NA,1,1566.8004,1119,1,2291.8423,0,20.7407,3.4256,1
2022-02-21,2022,2,21,"12:00:00","Slater",1.4,-7.32,-2.94,6.26,8.44,8.64,0.6,1.45,-0.06,3.21,4.41,3.36,NA,NA,NA,NA,NA,0,1586.7943,1119,1,2311.8361,0,21.0158,3.4345,1
2022-02-22,2022,2,22,"12:00:00","Slater",-4.86,-8.8,-7.2,1.4,6.26,8.44,-7.32,0.6,1.45,-2.94,3.21,4.41,NA,NA,NA,NA,NA,0,1586.7943,1119,1,2311.8361,0,21.0158,3.4345,1
2022-02-23,2022,2,23,"12:00:00","Slater",-6.17,-11.79,-8.55,-4.86,1.4,6.26,-8.8,-7.32,0.6,-7.2,-2.94,3.21,NA,NA,NA,NA,NA,0,1586.7943,1119,1,2311.8361,0,21.0158,3.4345,1
2022-02-24,2022,2,24,"12:00:00","Slater",-2.68,-8.8,-5.91,-6.17,-4.86,1.4,-11.79,-8.8,-7.32,-8.55,-7.2,-2.94,NA,NA,NA,NA,NA,0,1586.7943,1119,1,2311.8361,0,21.0158,3.4345,1
2022-02-25,2022,2,25,"12:00:00","Slater",0.11,-10.83,-6.09,-2.68,-6.17,-4.86,-8.8,-11.79,-8.8,-5.91,-8.55,-7.2,NA,NA,NA,NA,NA,0,1586.7943,1119,1,2311.8361,0,21.0158,3.4345,1
2022-02-26,2022,2,26,"12:00:00","Slater",2.53,-7.58,-2.2,0.11,-2.68,-6.17,-10.83,-8.8,-11.79,-6.09,-5.91,-8.55,NA,NA,NA,NA,NA,1,1591.7943,1119,1,2316.8361,0,21.0158,3.4345,1
2022-02-27,2022,2,27,"12:00:00","Slater",4.77,0.44,2.3,2.53,0.11,-2.68,-7.58,-10.83,-8.8,-2.2,-6.09,-5.91,NA,NA,NA,NA,NA,1,1615.7943,1119,1,2340.8361,0,21.0158,3.4345,1
2022-02-28,2022,2,28,"12:00:00","Slater",3.96,0.85,2.44,4.77,2.53,0.11,0.44,-7.58,-10.83,2.3,-2.2,-6.09,NA,NA,NA,NA,NA,1,1639.7942,1119,1,2364.8361,0,21.0158,3.4345,1
2022-03-01,2022,3,1,"12:00:00","Slater",8.89,2.18,4.34,3.96,4.77,2.53,0.85,0.44,-7.58,2.44,2.3,-2.2,NA,NA,NA,NA,NA,0.9999,1663.7941,1119,1,2388.836,0,21.0158,3.4345,1
2022-03-02,2022,3,2,"12:00:00","Slater",4.69,1.75,3.02,8.89,3.96,4.77,2.18,0.85,0.44,4.34,2.44,2.3,NA,NA,NA,NA,NA,1,1687.1285,1119,1,2412.1704,0,21.6889,3.456,1
2022-03-03,2022,3,3,"12:00:00","Slater",7.97,2.45,3.69,4.69,8.89,3.96,1.75,2.18,0.85,3.02,4.34,2.44,NA,NA,NA,NA,NA,1,1711.1285,1119,1,2436.1704,0,21.6889,3.456,1
2022-03-04,2022,3,4,"12:00:00","Slater",6.54,0.88,2.94,7.97,4.69,8.89,2.45,1.75,2.18,3.69,3.02,4.34,NA,NA,NA,NA,NA,1,1734.9882,1119,1,2460.03,0,22.0227,3.4664,1
2022-03-05,2022,3,5,"12:00:00","Slater",9.78,0,3.86,6.54,7.97,4.69,0.88,2.45,1.75,2.94,3.69,3.02,NA,NA,NA,NA,NA,1,1758.9746,1119,1,2484.0165,0,22.2464,3.4734,1
2022-03-06,2022,3,6,"12:00:00","Slater",9.21,-0.82,3.67,9.78,6.54,7.97,0,0.88,2.45,3.86,2.94,3.69,NA,NA,NA,NA,NA,1,1782.3205,1119,1,2507.3623,0,22.9117,3.4938,1
2022-03-07,2022,3,7,"12:00:00","Slater",10.03,0.52,4.99,9.21,9.78,6.54,-0.82,0,0.88,3.67,3.86,2.94,NA,NA,NA,NA,NA,0.9961,1805.8193,1119,1,2530.8611,0.0764,23.5333,3.5125,1
2022-03-08,2022,3,8,"12:00:00","Slater",7.32,1.78,4.29,10.03,9.21,9.78,0.52,-0.82,0,4.99,3.67,3.86,NA,NA,NA,NA,NA,1,1828.095,1119,1,2553.1369,0,24.8999,3.5525,1
2022-03-09,2022,3,9,"12:00:00","Slater",3.59,-4.56,-0.99,7.32,10.03,9.21,1.78,0.52,-0.82,4.29,4.99,3.67,NA,NA,NA,NA,NA,1,1846.0819,1119,1,2571.1238,0,25.4154,3.5671,1
2022-03-10,2022,3,10,"12:00:00","Slater",2.13,-6.83,-2.16,3.59,7.32,10.03,-4.56,1.78,0.52,-0.99,4.29,4.99,NA,NA,NA,NA,NA,1,1856.0819,1119,1,2581.1238,0,25.4154,3.5671,1
2022-03-11,2022,3,11,"12:00:00","Slater",5.18,-1.73,1.75,2.13,3.59,7.32,-6.83,-4.56,1.78,-2.16,-0.99,4.29,NA,NA,NA,NA,NA,1,1880.0819,1119,1,2605.1238,0,25.4154,3.5671,1
2022-03-12,2022,3,12,"12:00:00","Slater",5.67,2.1,3.66,5.18,2.13,3.59,-1.73,-6.83,-4.56,1.75,-2.16,-0.99,NA,NA,NA,NA,NA,1,1904.0815,1119,1,2629.1233,0,25.6093,3.5726,1
2022-03-13,2022,3,13,"12:00:00","Slater",12.46,2.1,6.11,5.67,5.18,2.13,2.1,-1.73,-6.83,3.66,1.75,-2.16,NA,NA,NA,NA,NA,0.9699,1928.0479,1119,1,2653.0897,0.0896,25.9745,3.5828,1
2022-03-14,2022,3,14,"12:00:00","Slater",13.43,4.53,8.72,12.46,5.67,5.18,2.1,2.1,-1.73,6.11,3.66,1.75,NA,NA,NA,NA,NA,0.2296,1945.4942,1119,1,2670.536,0.1983,28.1735,3.6421,1
2022-03-15,2022,3,15,"12:00:00","Slater",11.59,3.96,7.28,13.43,12.46,5.67,4.53,2.1,2.1,8.72,6.11,3.66,NA,NA,NA,NA,NA,0.5928,1964.8797,1119,1,2689.9215,0.1403,30.6696,3.7055,1
2022-03-16,2022,3,16,"12:00:00","Slater",14.74,2.9,7.25,11.59,13.43,12.46,3.96,4.53,2.1,7.28,8.72,6.11,NA,NA,NA,NA,NA,0.9461,1984.3594,1119,1,2709.4012,0.0954,32.79,3.7563,1
2022-03-17,2022,3,17,"12:00:00","Slater",8.64,2.05,4.85,14.74,11.59,13.43,2.9,3.96,4.53,7.25,7.28,8.72,NA,NA,NA,NA,NA,0.9987,2003.74,1119,1,2728.7819,0.0717,34.7753,3.8017,1
2022-03-18,2022,3,18,"12:00:00","Slater",10.17,1.72,5.79,8.64,14.74,11.59,2.05,2.9,3.96,4.85,7.25,7.28,NA,NA,NA,NA,NA,0.9248,2027.2417,1119,1,2752.2835,0.0994,35.5772,3.8194,1
2022-03-19,2022,3,19,"12:00:00","Slater",12.36,2.96,5.45,10.17,8.64,14.74,1.72,2.05,2.9,5.79,4.85,7.25,NA,NA,NA,NA,NA,0.9988,2048.8665,1119,1,2773.9084,0.0714,36.8293,3.8465,1
2022-03-20,2022,3,20,"12:00:00","Slater",10.15,1.21,5.32,12.36,10.17,8.64,2.96,1.72,2.05,5.45,5.79,4.85,NA,NA,NA,NA,NA,0.8343,2070.2422,1119,1,2795.284,0.1123,38.0818,3.8729,1
2022-03-21,2022,3,21,"12:00:00","Slater",12.75,4.06,7.28,10.15,12.36,10.17,1.21,2.96,1.72,5.32,5.45,5.79,NA,NA,NA,NA,NA,0.5559,2091.921,1119,1,2816.9628,0.1448,39.4614,3.9012,1
2022-03-22,2022,3,22,"12:00:00","Slater",11.76,5.26,7.61,12.75,10.15,12.36,4.06,1.21,2.96,7.28,5.32,5.45,NA,NA,NA,NA,NA,0.8157,2111.729,1119,1,2836.7708,0.1146,41.604,3.9436,1
2022-03-23,2022,3,23,"12:00:00","Slater",16.82,6.43,10.59,11.76,12.75,10.15,5.26,4.06,1.21,7.61,7.28,5.32,NA,NA,NA,NA,NA,0.1273,2129.0259,1119,1,2854.0678,0.2285,44.3421,3.9953,1
2022-03-24,2022,3,24,"12:00:00","Slater",11.76,3.01,7.03,16.82,11.76,12.75,6.43,5.26,4.06,10.59,7.61,7.28,"Sweetheart",-5.55,-6.36,-4.74,"manual",0.9382,2144.5169,1119,1,2869.5587,0.097,48.1317,4.0627,1
2022-03-25,2022,3,25,"12:00:00","Slater",12.48,2.48,6.83,11.76,16.82,11.76,3.01,6.43,5.26,7.03,10.59,7.61,NA,NA,NA,NA,NA,0.9099,2164.4248,1119,1,2889.4666,0.1019,50.1125,4.0962,1
2022-03-26,2022,3,26,"12:00:00","Slater",12.56,4.25,7.87,12.48,11.76,16.82,2.48,3.01,6.43,6.83,7.03,10.59,NA,NA,NA,NA,NA,0.8415,2183.9364,1119,1,2908.9782,0.1114,52.1076,4.1289,1
2022-03-27,2022,3,27,"12:00:00","Slater",11.35,4.97,7.97,12.56,12.48,11.76,4.25,2.48,3.01,7.87,6.83,7.03,NA,NA,NA,NA,NA,0.8269,2202.492,1119,1,2927.5338,0.1132,54.5919,4.1681,1
2022-03-28,2022,3,28,"12:00:00","Slater",15.29,5.87,9.7,11.35,12.56,12.48,4.97,4.25,2.48,7.97,7.87,6.83,NA,NA,NA,NA,NA,0.4188,2220.7601,1119,1,2945.802,0.1631,57.2503,4.2084,1
2022-03-29,2022,3,29,"12:00:00","Slater",14.31,2.21,7.01,15.29,11.35,12.56,5.87,4.97,4.25,9.7,7.97,7.87,NA,NA,NA,NA,NA,0.9966,2236.8983,1119,1,2961.9402,0.0758,60.5772,4.2567,1
2022-03-30,2022,3,30,"12:00:00","Slater",14.74,4.61,8.8,14.31,15.29,11.35,2.21,5.87,4.97,7.01,9.7,7.97,NA,NA,NA,NA,NA,0.2088,2254.0597,1119,1,2979.1016,0.2034,63.1175,4.2921,1
2022-03-31,2022,3,31,"12:00:00","Slater",10.71,3.27,6.58,14.74,14.31,15.29,4.61,2.21,5.87,8.8,7.01,9.7,NA,NA,NA,NA,NA,0.9686,2271.3478,1119,1,2996.3897,0.09,65.8206,4.3284,1
2022-04-01,2022,4,1,"12:00:00","Slater",14.24,-0.03,7.1,10.71,14.74,14.31,3.27,4.61,2.21,6.58,8.8,7.01,NA,NA,NA,NA,NA,0.7761,2292.9328,1119,1,3017.9746,0.1193,67.4153,4.3492,1
2022-04-02,2022,4,2,"12:00:00","Slater",14.34,6.08,9.28,14.24,10.71,14.74,-0.03,3.27,4.61,7.1,6.58,8.8,NA,NA,NA,NA,NA,0.2266,2307.6923,1119,1,3032.7342,0.199,70.1593,4.384,1
2022-04-03,2022,4,3,"12:00:00","Slater",15.05,3.7,8.74,14.34,14.24,10.71,6.08,-0.03,3.27,9.28,7.1,6.58,NA,NA,NA,NA,NA,0.2516,2324.8084,1119,1,3049.8503,0.1932,73.343,4.423,1
2022-04-04,2022,4,4,"12:00:00","Slater",14.1,4.09,9,15.05,14.34,14.24,3.7,6.08,-0.03,8.74,9.28,7.1,NA,NA,NA,NA,NA,0.6802,2337.5418,1119,1,3062.5837,0.1302,76.1974,4.4566,1
2022-04-05,2022,4,5,"12:00:00","Slater",12.65,3.48,7.31,14.1,15.05,14.34,4.09,3.7,6.08,9,8.74,9.28,NA,NA,NA,NA,NA,0.5104,2355.5127,1119,1,3080.5545,0.1505,79.1635,4.4905,1
2022-04-06,2022,4,6,"12:00:00","Slater",11.35,0.19,5.96,12.65,14.1,15.05,3.48,4.09,3.7,7.31,9,8.74,NA,NA,NA,NA,NA,0.9974,2374.6199,1119,1,3099.6618,0.0745,81.176,4.5128,1
2022-04-07,2022,4,7,"12:00:00","Slater",20.22,4.19,10.39,11.35,12.65,14.1,0.19,3.48,4.09,5.96,7.31,9,NA,NA,NA,NA,NA,0.8719,2395.3354,1119,1,3120.3772,0.1074,82.9693,4.5323,1
2022-04-08,2022,4,8,"12:00:00","Slater",15.94,7.42,11.26,20.22,11.35,12.65,4.19,0.19,3.48,10.39,5.96,7.31,NA,NA,NA,NA,NA,0.0331,2397.5144,1119,1,3122.5563,0.2762,88.3956,4.589,1
2022-04-09,2022,4,9,"12:00:00","Slater",7.89,1.18,4.41,15.94,20.22,11.35,7.42,4.19,0.19,11.26,10.39,5.96,NA,NA,NA,NA,NA,0.9935,2414.9809,1119,1,3140.0227,0.079,91.9652,4.6246,1
2022-04-10,2022,4,10,"12:00:00","Slater",8.52,0.27,3.97,7.89,15.94,20.22,1.18,7.42,4.19,4.41,11.26,10.39,NA,NA,NA,NA,NA,0.9834,2438.77,1119,1,3163.8119,0.0849,92.5668,4.6305,1
2022-04-11,2022,4,11,"12:00:00","Slater",10.1,1.18,5.04,8.52,7.89,15.94,0.27,1.18,7.42,3.97,4.41,11.26,NA,NA,NA,NA,NA,0.9927,2462.3091,1119,1,3187.3509,0.0797,93.2914,4.6376,1
2022-04-12,2022,4,12,"12:00:00","Slater",11.32,0.25,4.65,10.1,8.52,7.89,1.18,0.27,1.18,5.04,3.97,4.41,NA,NA,NA,NA,NA,0.9931,2484.5616,1119,1,3209.6035,0.0794,94.6495,4.6506,1
2022-04-13,2022,4,13,"12:00:00","Slater",11.2,-1.56,3.48,11.32,10.1,8.52,0.25,1.18,0.27,4.65,5.04,3.97,NA,NA,NA,NA,NA,0.9995,2506.8169,1119,1,3231.8587,0.0681,95.4657,4.6584,1
2022-04-14,2022,4,14,"12:00:00","Slater",8.69,-0.93,3.58,11.2,11.32,10.1,-1.56,0.25,1.18,3.48,4.65,5.04,NA,NA,NA,NA,NA,0.9857,2529.3415,1119,1,3254.3833,0.0838,96.4229,4.6674,1
2022-04-15,2022,4,15,"12:00:00","Slater",8.37,-1.33,3.46,8.69,11.2,11.32,-0.93,-1.56,0.25,3.58,3.48,4.65,NA,NA,NA,NA,NA,0.999,2552.5837,1119,1,3277.6255,0.0708,97.1954,4.6747,1
2022-04-16,2022,4,16,"12:00:00","Slater",12.17,-1.16,4.98,8.37,8.69,11.2,-1.33,-0.93,-1.56,3.46,3.58,3.48,NA,NA,NA,NA,NA,0.92,2576.1525,1119,1,3301.1944,0.1002,98.0069,4.6822,1
2022-04-17,2022,4,17,"12:00:00","Slater",16.15,1.29,8,12.17,8.37,8.69,-1.16,-1.33,-0.93,4.98,3.46,3.58,NA,NA,NA,NA,NA,0.3241,2595.6206,1119,1,3320.6625,0.1786,100.0026,4.7005,1
2022-04-18,2022,4,18,"12:00:00","Slater",9.29,4.89,6.32,16.15,12.17,8.37,1.29,-1.16,-1.33,8,4.98,3.46,NA,NA,NA,NA,NA,0.6982,2612.1787,1119,1,3337.2206,0.1282,102.6497,4.7243,1
2022-04-19,2022,4,19,"12:00:00","Slater",13.62,3.12,7.97,9.29,16.15,12.17,4.89,1.29,-1.16,6.32,8,4.98,NA,NA,NA,NA,NA,0.2883,2634.5868,1119,1,3359.6286,0.1855,104.4034,4.7397,1
2022-04-20,2022,4,20,"12:00:00","Slater",16.58,-1.44,6.06,13.62,9.29,16.15,3.12,4.89,1.29,7.97,6.32,8,NA,NA,NA,NA,NA,0.9799,2652.9756,1119,1,3378.0175,0.0863,106.4838,4.7578,1
2022-04-21,2022,4,21,"12:00:00","Slater",9.58,3.72,6.19,16.58,13.62,9.29,-1.44,3.12,4.89,6.06,7.97,6.32,NA,NA,NA,NA,NA,0.963,2671.1382,1119,1,3396.18,0.0915,108.7282,4.7768,1
2022-04-22,2022,4,22,"12:00:00","Slater",17.37,0.47,7.73,9.58,16.58,13.62,3.72,-1.44,3.12,6.19,6.06,7.97,NA,NA,NA,NA,NA,0.4443,2693.6343,1119,1,3418.6761,0.1594,110.4883,4.7916,1
2022-04-23,2022,4,23,"12:00:00","Slater",19.6,3.51,9.95,17.37,9.58,16.58,0.47,3.72,-1.44,7.73,6.19,6.06,NA,NA,NA,NA,NA,0.5514,2708.449,1119,1,3433.4908,0.1453,113.5466,4.8166,1
2022-04-24,2022,4,24,"12:00:00","Slater",21.32,2.88,11.54,19.6,17.37,9.58,3.51,0.47,3.72,9.95,7.73,6.19,NA,NA,NA,NA,NA,0.2451,2718.2045,1119,1,3443.2463,0.1947,117.816,4.8506,1
2022-04-25,2022,4,25,"12:00:00","Slater",19.34,8.82,12.39,21.32,19.6,17.37,2.88,3.51,0.47,11.54,9.95,7.73,NA,NA,NA,NA,NA,-1,2714.8434,1119,1,3439.8852,0.4817,124.7144,4.9032,1
2022-04-26,2022,4,26,"12:00:00","Slater",15.84,5.23,9.57,19.34,21.32,19.6,8.82,2.88,3.51,12.39,11.54,9.95,NA,NA,NA,NA,NA,0.2483,2726.0357,1119,1,3451.0776,0.1939,129.3424,4.9369,1
2022-04-27,2022,4,27,"12:00:00","Slater",16.7,1.18,8.31,15.84,19.34,21.32,5.23,8.82,2.88,9.57,12.39,11.54,NA,NA,NA,NA,NA,0.2117,2743.104,1119,1,3468.1458,0.2027,132.5726,4.9599,1
2022-04-28,2022,4,28,"12:00:00","Slater",14.51,2.15,8.15,16.7,15.84,19.34,1.18,5.23,8.82,8.31,9.57,12.39,NA,NA,NA,NA,NA,0.7593,2758.4412,1119,1,3483.483,0.1212,135.3958,4.9795,1
2022-04-29,2022,4,29,"12:00:00","Slater",19.18,5.23,11.03,14.51,16.7,15.84,2.15,1.18,5.23,8.15,8.31,9.57,NA,NA,NA,NA,NA,0.0414,2771.3458,1119,1,3496.3877,0.2705,138.6234,5.0014,1
2022-04-30,2022,4,30,"12:00:00","Slater",15.25,6.69,9.77,19.18,14.51,16.7,5.23,2.15,1.18,11.03,8.15,8.31,NA,NA,NA,NA,NA,0.5331,2781.0356,1119,1,3506.0774,0.1476,143.3042,5.0324,1
